Workbook
Name AGAMA: [1]Master!$M$4:$M$10
Name DEPARTMENT: [1]Master!$E$4:$E$20
Name Division: [1]Master!$F$4:$F$8
Name GOLONGAN: [1]Master!$G$4:$G$51
Name GOLONGAN_DARAH: [2]Master!$L$4:$L$8
Name JABATAN_STRUKTURAL: #REF!
Name JABATAN_STRUKTURAL: #REF!
Name JABATAN_STRUKTURAL: #REF!
Name JENIS_KELAMIN: [1]Master!$K$4:$K$6
Name JOB_NAME: [2]Master!$B$4:$B$271
Name Pangkat: [2]Master!$D$4:$D$17
Name Pangkat: [2]Master!$D$4:$D$17
Name Pangkat: [2]Master!$D$4:$D$17
Name PENDIDIKAN: [2]Master!$J$4:$J$21
Name POH: [1]Master!$I$4:$I$10
Name STATUS: [1]Master!$H$4:$H$7
Name STATUS_TANGGUNGAN: [2]Master!$N$4:$N$12

Sheet 2018
A1: DAFTAR NAMA TENAGA KERJA
A3: =+NOW() -> 44202.499
A5: No. | B5: N I K * | C5: NAMA LENGKAP | D5: JABATAN * | E5: STATUS KARYAWAN | F5: TANGGAL MULAI KERJA | G5: MASA KERJA | K5: JENIS KELAMIN | L5: A G A M A | M5: TEMPAT LAHIR | N5: Tanggal Lahir | O5: Umur | Q5: PENDIDIKAN TERAKHIR | S5: GOLONGAN DARAH | T5: STATUS PERKAWINAN | U5: ISTERI/SUAMI | W5: ANAK I | Z5: ANAK II | AC5: ANAK III | AF5: KTP * | AH5: ALAMAT TINGGAL | AI5: NO. BPJS KETENAGAKERJAAN | AJ5: NO. BPJS KESEHATAN | AK5: NPWP | AL5: NO. HP | AM5: ACCOUNT BANK * | AQ5: EMAIL
G6: =+NOW() -> 44202.499 | I6: MULAI | J6: AKHIR | Q6: Pendidikan | R6: Jurusan | U6: Nama | V6: Tgl Lahir | W6: Nama | X6: Tgl Lahir | Y6: Umur | Z6: Nama | AA6: Tgl Lahir | AB6: Umur | AC6: Nama | AD6: Tgl Lahir | AE6: Pendidikan | AF6: NOMOR KTP | AG6: ALAMAT KTP | AM6: Atas Nama (sesuai dibuku rekening) | AN6: NOMOR REKENING | AO6: BANK | AP6: CABANG
G7: Tahun | H7: Bulan | N7: =+NOW() -> 44202.499 | O7: Tahun | P7: Bulan
A8: MANAGEMENT
C9: SHANDY PURNAMASARI | D9: KOMISARIS | K9: P | L9: ISLAM | M9: SURABAYA | N9: 33521 | O9: =DATEDIF(N9,$A$3,"Y") -> 29 | P9: =DATEDIF(N9,$A$3,"YM") -> 2 | T9: K/1 | U9: GILANG WIDYA PRAMANA | V9: 32632 | W9: FELICIA LASHA ZAFEERA | X9: 41559 | Y9: =DATEDIF(X9,$A$3,"Y") -> 7 | AH9: GREENWOOD GOLF INDAH NO. 5 - MALANG
C10: GILANG WIDYA PRAMANA | D10: DIREKTUR | K10: L | L10: ISLAM | M10: PROBOLINGGO | N10: 32632 | O10: =DATEDIF(N10,$A$3,"Y") -> 31 | P10: =DATEDIF(N10,$A$3,"YM") -> 8 | T10: K/1 | U10: SHANDY PURNAMASARI | V10: 33521 | W10: FELICIA LASHA ZAFEERA | X10: 41559 | Y10: =DATEDIF(X10,$A$3,"Y") -> 7 | AF10: 3574040405890001 | AG10: JL. KH AHMAD DAHLAN 123 RT.01/RW.01 PROBOLINGGO | AH10: GREENWOOD GOLF INDAH NO. 5 - MALANG | AK10: 35.447.918.0.625.000 | AL10: 081233732340
A11: BACK OFFICE
A12: 1 | B12: 9918040001 | C12: CITRA DWI MURDIYANTI | D12: MANAGER PRODUCT | E12: KONTRAK | F12: 43202 | G12: =DATEDIF(F12,$A$3,"Y") -> 2 | H12: =DATEDIF(F12,$A$3,"YM") -> 8 | K12: P | L12: ISLAM | M12: MALANG | N12: 33622 | O12: =DATEDIF(N12,$A$3,"Y") -> 28 | P12: =DATEDIF(N12,$A$3,"YM") -> 11 | Q12: SMK | R12: APK | S12: B | T12: K/1 | U12: RIFA'I SUNETH | V12: 32043 | W12: MUHAMMAD AL-AFZAN SUNETH | X12: 40734 | Y12: =DATEDIF(X12,$A$3,"Y") -> 9 | AF12: 3573015901920008 | AG12: PURI CEMPAKA PUTIH 3 BG 11 RT.05 RW.06 - MALANG | AH12: JL. MASJID NO. 22 KLAGEN TAJINAN - MALANG | AK12: - | AL12: 081334178380 | AM12: CITRA DWI MURDIYANTI | AN12: 1440016469386 | AO12: MANDIRI | AP12: MALANG - KCP SUPRAPTO | AQ12: citradwimurdiyanti19@gmail.com
A13: =A12+1 -> 2 | B13: 9918040002 | C13: CHANDRA MAHARDHIKA | D13: MANAGER OPERATION | E13: KONTRAK | F13: 43202 | G13: =DATEDIF(F13,$A$3,"Y") -> 2 | H13: =DATEDIF(F13,$A$3,"YM") -> 8 | K13: L | L13: ISLAM | M13: MALANG | N13: 32362 | O13: =DATEDIF(N13,$A$3,"Y") -> 32 | P13: =DATEDIF(N13,$A$3,"YM") -> 4 | Q13: S-2 | R13: MANAJ. SUMBER DAYA MANUSIA | S13: O | T13: K/1 | U13: FEBRIANA PUTRI ASIH VALENTINE | V13: 32188 | W13: ALARIC GHIBRAN MAHARDHIKA | X13: 42531 | Y13: =DATEDIF(X13,$A$3,"Y") -> 4 | AF13: 3573040708880003 | AG13: JL. RANAKAH Q-9 TIDAR - MALANG | AH13: JL. SIMPANG LOWOKDORO NO. 2 KAV. 1 - MALANG | AK13: 97.290.407.2.623.000 | AL13: 081233993341 | AM13: CHANDRA MAHARDHIKA | AN13: 1440017394153 | AO13: MANDIRI | AP13: MALANG - KCP SUPRAPTO | AQ13: mahardhika.chandra7888@gmail.com
A14: =A13+1 -> 3 | B14: 9918040003 | C14: KUMARA FOREST HIMAWAN | D14: DESIGN GRAPHIC | E14: KONTRAK | F14: 43202 | G14: =DATEDIF(F14,$A$3,"Y") -> 2 | H14: =DATEDIF(F14,$A$3,"YM") -> 8 | K14: L | L14: ISLAM | M14: MALANG | N14: 33885 | O14: =DATEDIF(N14,$A$3,"Y") -> 28 | P14: =DATEDIF(N14,$A$3,"YM") -> 2 | Q14: S-1 | R14: TI - DG | S14: O | T14: TK/0 | AF14: 3573040810920007 | AG14: JL. S. SUPRIADI A IX RT.07 RW.04 NO.26 - MALANG | AH14: JL. S. SUPRIADI A IX RT.07 RW.04 NO.26 - MALANG | AK14: 75.555.660.2.623.000 | AL14: 089680813467 | AM14: KUMARA FOREST H. | AN14: 1440017286805 | AO14: MANDIRI | AP14: MALANG - KCP SUPRAPTO | AQ14: kumarabunk@gmail.com
A15: =A14+1 -> 4 | B15: 9918080037 | C15: RIDA' MILLATI | D15: DESIGN GRAPHIC | E15: KONTRAK | F15: 43340 | G15: =DATEDIF(F15,$A$3,"Y") -> 2 | H15: =DATEDIF(F15,$A$3,"YM") -> 4 | K15: P | L15: ISLAM | M15: MALANG | N15: 34553 | O15: =DATEDIF(N15,$A$3,"Y") -> 26 | P15: =DATEDIF(N15,$A$3,"YM") -> 4 | Q15: S-1 | R15: DESAIN PRODUCT | S15: - | T15: TK/1 | W15: MIKAYLA ALESHA VALERIE | X15: 42598 | Y15: =DATEDIF(X15,$A$3,"Y") -> 4 | AF15: 3573044708940000 | AG15: JL. SIMPANG LOWOKDORO I no. 5 RT.10/RW.04 KEC. SUKUN - MALANG | AH15: JL. SIMPANG LOWOKDORO I no. 5 RT.10/RW.04 KEC. SUKUN - MALANG | AL15: 085257396000 | AM15: RIDA' MILLATI | AN15: 144001771808 | AO15: MANDIRI | AP15: MALANG - KCP SUPRAPTO | AQ15: rida.millati29@gmail.com
A16: =A15+1 -> 5 | B16: 9918110040 | C16: ANNISYA FERONICA | D16: DESIGN GRAPHIC | E16: KONTRAK | F16: 43407 | G16: =DATEDIF(F16,$A$3,"Y") -> 2 | H16: =DATEDIF(F16,$A$3,"YM") -> 2 | K16: P | L16: ISLAM | M16: BANYUWANGI | N16: 34813 | O16: =DATEDIF(N16,$A$3,"Y") -> 25 | P16: =DATEDIF(N16,$A$3,"YM") -> 8 | Q16: S-1 | R16: DESAIN PRODUCT | S16: - | T16: K/0 | AF16: 3510166404950004 | AG16: PERUM MENDUT REGENCY J/30, MOJOAGUNG - GIRI | AH16: JL. TELUK ETNA X KAV.145 NO.2 ARJOSARI - MALANG | AL16: 081333455035 | AM16: ANNISYA FERRONICA | AN16: 1440017967297 | AO16: MANDIRI | AP16: MALANG - KCP SUPRAPTO | AQ16: annisya.ferronica@gmail.com
A17: =A16+1 -> 6 | B17: 9918040005 | C17: OKY ARI AFANDI | D17: ADMIN OFFICE | E17: KONTRAK | F17: 43202 | G17: =DATEDIF(F17,$A$3,"Y") -> 2 | H17: =DATEDIF(F17,$A$3,"YM") -> 8 | K17: L | L17: ISLAM | M17: MALANG | N17: 33519 | O17: =DATEDIF(N17,$A$3,"Y") -> 29 | P17: =DATEDIF(N17,$A$3,"YM") -> 2 | Q17: S-1 | R17: MANAJEMEN | S17: - | T17: TK/0 | AF17: 3573040810910003 | AG17: JL. CANDI 5B/569 KEL. KARANGBESUKI- MALANG | AH17: JL. CANDI 5B/569 KEL. KARANGBESUKI- MALANG | AK17: - | AL17: 082236179998 | AM17: OKY ARI AFANDI | AN17: 1440016471978 | AO17: MANDIRI | AP17: MALANG - KCP SUPRAPTO | AQ17: ocky08traffict@gmail.com
A18: =A17+1 -> 7 | B18: 9918040006 | C18: VIOLA DWI PERMATASARI | D18: MARKETING | E18: KONTRAK | F18: 43202 | G18: =DATEDIF(F18,$A$3,"Y") -> 2 | H18: =DATEDIF(F18,$A$3,"YM") -> 8 | K18: P | L18: ISLAM | M18: MALANG | N18: 34969 | O18: =DATEDIF(N18,$A$3,"Y") -> 25 | P18: =DATEDIF(N18,$A$3,"YM") -> 3 | Q18: SMK | R18: MULTIMEDIA | S18: O | T18: TK/0 | AF18: 3579016709950002 | AG18: JL. LESTI UTARA NO. 91B RT.07/RW.03 - BATU | AH18: JL. LESTI UTARA NO. 91B RT.07/RW.03 - BATU | AK18: - | AL18: 082257886906 | AM18: VIOLA DWI PERMATASARI | AN18: 1440016867597 | AO18: MANDIRI | AP18: MALANG - KCP SUPRAPTO | AQ18: violapermatasari09@gmail.com
A19: =A18+1 -> 8 | B19: 9918050033 | C19: SARIFA AINI | D19: MARKETING | E19: KONTRAK | F19: 43222 | G19: =DATEDIF(F19,$A$3,"Y") -> 2 | H19: =DATEDIF(F19,$A$3,"YM") -> 8 | K19: P | L19: ISLAM | M19: MALANG | N19: 33553 | O19: =DATEDIF(N19,$A$3,"Y") -> 29 | P19: =DATEDIF(N19,$A$3,"YM") -> 1 | Q19: S1 | R19: ADMINISTRASI BISNIS | S19: B | T19: K/1 | U19: WICAKSONO HARYO | V19: 33482 | W19: KAUTSARYO GHIFARYAN AL ABIDZAR | X19: 42846 | Y19: =DATEDIF(X19,$A$3,"Y") -> 3 | AF19: 3573015111910002 | AG19: JL. DANAU JONGE H7 D-30 RT.04/RW.15 - MALANG | AH19: JL. DANAU JONGE H7 D-30 RT.04/RW.15 - MALANG | AK19: - | AL19: 081233625018 | AO19: MANDIRI | AP19: MALANG - KCP SUPRAPTO | AQ19: -
A20: =A19+1 -> 9 | B20: 9918090038 | C20: ANIKE WULANDARI | D20: ADMIN / MARKETING | E20: KONTRAK | F20: 43362 | G20: =DATEDIF(F20,$A$3,"Y") -> 2 | H20: =DATEDIF(F20,$A$3,"YM") -> 3 | K20: P | L20: ISLAM | M20: MALANG | N20: 34925 | O20: =DATEDIF(N20,$A$3,"Y") -> 25 | P20: =DATEDIF(N20,$A$3,"YM") -> 4 | Q20: S1 | R20: KESEHATAN MASYARAKAT | T20: TK/0 | AF20: 3507185408950003 | AG20: SINDUREJO RT.4/RW.3 BANJAREJO PAKIS - KAB. MALANG | AH20: SINDUREJO RT.4/RW.3 BANJAREJO PAKIS - KAB. MALANG | AK20: - | AL20: 085646660730 | AO20: MANDIRI | AQ20: anikewulandarii@gmail.com
A21: =A20+1 -> 10 | B21: 9918040031 | C21: SHEILA OLGATA WIDYASARI | D21: ADMIN / REGISTRASI | E21: KONTRAK | F21: 43216 | G21: =DATEDIF(F21,$A$3,"Y") -> 2 | H21: =DATEDIF(F21,$A$3,"YM") -> 8 | K21: L | L21: ISLAM | M21: MALANG | N21: 34617 | O21: =DATEDIF(N21,$A$3,"Y") -> 26 | P21: =DATEDIF(N21,$A$3,"YM") -> 2 | Q21: D-IV | R21: AKUNTANSI MANAJEMEN | S21: O | T21: TK/0 | AF21: 3507185010940001 | AG21: JL. GAJAHMADA RT.05/RW.02 BANJAREJO - PAKIS | AH21: JL. GAJAHMADA RT.05/RW.02 BANJAREJO - PAKIS | AK21: - | AL21: 085785233266 / 081336569356 | AO21: MANDIRI | AP21: MALANG - KCP SUPRAPTO
A22: =A21+1 -> 11 | B22: 9918040010 | C22: SLAMET HADI | D22: SECURITY | E22: KONTRAK | F22: 43202 | G22: =DATEDIF(F22,$A$3,"Y") -> 2 | H22: =DATEDIF(F22,$A$3,"YM") -> 8 | K22: L | L22: ISLAM | M22: MALANG | N22: 28657 | O22: =DATEDIF(N22,$A$3,"Y") -> 42 | P22: =DATEDIF(N22,$A$3,"YM") -> 6 | Q22: SD | R22: - | S22: - | T22: K/2 | U22: DIAH SAFITRI | W22: MAULIANA | Z22: MUHAMMAD FAJAR | AF22: 3573031606780004 | AG22: JL. KH MALIK DALAM RT.03/RW.04 - MALANG | AH22: JL. KH MALIK DALAM RT.03/RW.04 - MALANG | AK22: - | AL22: 082233385522 | AM22: SLAMET HADI | AN22: 1440017394179 | AO22: MANDIRI | AP22: MALANG - KCP SUPRAPTO | AQ22: hh987319@gmail.com
A23: =A22+1 -> 12 | B23: 9918070035 | C23: YULAIKA | D23: OFFICE GIRL / PANTRY | E23: KONTRAK | F23: 43299 | G23: =DATEDIF(F23,$A$3,"Y") -> 2 | H23: =DATEDIF(F23,$A$3,"YM") -> 5 | K23: P | L23: ISLAM | M23: MALANG | N23: 25432 | O23: =DATEDIF(N23,$A$3,"Y") -> 51 | P23: =DATEDIF(N23,$A$3,"YM") -> 4 | Q23: SD | R23: - | S23: - | AF23: 3507165708690002 | AG23: JL. NAKULA 29 RT.03/RW.014 - TUMPANG | AK23: - | AL23: 082143604353
A24: PACKING
A25: =A23+1 -> 13 | B25: 9918040011 | C25: INDRI WULANDARI | D25: STAFF PACKING | E25: KONTRAK | F25: 43202 | G25: =DATEDIF(F25,$A$3,"Y") -> 2 | H25: =DATEDIF(F25,$A$3,"YM") -> 8 | K25: P | L25: ISLAM | M25: MALANG | N25: 35286 | O25: =DATEDIF(N25,$A$3,"Y") -> 24 | P25: =DATEDIF(N25,$A$3,"YM") -> 4 | Q25: SMP | R25: - | S25: - | T25: K/1 | U25: SUHARTANTO | V25: 34153 | W25: FRISKA HARTANTI APRILIA | X25: 41374 | Y25: =DATEDIF(X25,$A$3,"Y") -> 7 | AF25: 3573034908960004 | AG25: JL. KI AGENG GRIBIG RT.02/RW.03 MALANG | AH25: JL. KI AGENG GRIBIG RT.02/RW.03 MALANG | AK25: - | AL25: 082140547865 | AM25: INDRI WULANDARI | AN25: 1440016469303 | AO25: MANDIRI | AP25: MALANG - KCP SUPRAPTO | AQ25: -
A26: =A25+1 -> 14 | B26: 9918040012 | C26: AULIA PRATAMA | D26: STAFF PACKING | E26: KONTRAK | F26: 43202 | G26: =DATEDIF(F26,$A$3,"Y") -> 2 | H26: =DATEDIF(F26,$A$3,"YM") -> 8 | K26: P | L26: ISLAM | M26: MOJOKERTO | N26: 35278 | O26: =DATEDIF(N26,$A$3,"Y") -> 24 | P26: =DATEDIF(N26,$A$3,"YM") -> 5 | Q26: SMK | R26: TATA BOGA | S26: O | T26: TK/0 | AF26: 3507234108960001 | AG26: PERUM GRIYA PERMATA ALAM BLOK LC-10 NGIJO - KAB. MALANG | AH26: JL. KUNTA BASWARA 8 NO. 5 | AK26: - | AL26: 081944946485 | AM26: AULIA PRATAMA | AN26: 1440016796960 | AO26: MANDIRI | AP26: MALANG - KCP SUPRAPTO | AQ26: -
A27: =A26+1 -> 15 | B27: 9918040013 | C27: DWI RAHMA TIWI | D27: PACKING HEAD | E27: KONTRAK | F27: 43202 | G27: =DATEDIF(F27,$A$3,"Y") -> 2 | H27: =DATEDIF(F27,$A$3,"YM") -> 8 | K27: P | L27: ISLAM | M27: MALANG | N27: 34738 | O27: =DATEDIF(N27,$A$3,"Y") -> 25 | P27: =DATEDIF(N27,$A$3,"YM") -> 10 | Q27: SMA | R27: IPA | S27: - | T27: TK/0 | AF27: 3507154802950001 | AG27: DSN KLAGEN RT.05/RW.03 TAJINAN | AH27: JL. MASJID RT.05 RW.03 KLAGEN, TAJINAN - MALANG | AK27: - | AL27: 085248706986 | AM27: DWI RAHMA TIWI | AN27: 1440016469246 | AO27: MANDIRI | AP27: MALANG - KCP SUPRAPTO | AQ27: dwirahma.dr95.dr@gmail.com
A28: =A27+1 -> 16 | B28: 9918040014 | C28: IMELDA SUNETH | D28: STAFF PACKING | E28: KONTRAK | F28: 43202 | G28: =DATEDIF(F28,$A$3,"Y") -> 2 | H28: =DATEDIF(F28,$A$3,"YM") -> 8 | K28: P | L28: ISLAM | M28: WAKAL | N28: 31591 | O28: =DATEDIF(N28,$A$3,"Y") -> 34 | P28: =DATEDIF(N28,$A$3,"YM") -> 6 | Q28: SMK | R28: AKUNTANSI | S28: - | T28: TK/0 | AF28: 8101156806860002 | AG28: WIK GANEMO - WAKAL KEC. LEIHITU | AH28: JL. MASJID RT.05 RW.03 KLAGEN, TAJINAN - MALANG | AK28: - | AL28: 081391122559 | AM28: IMELDA SUNETH | AN28: 1440016530658 | AO28: MANDIRI | AP28: MALANG - KCP SUPRAPTO | AQ28: -
A29: =A28+1 -> 17 | B29: 9918040015 | C29: IRANING RAHAYU | D29: STAFF PACKING | E29: KONTRAK | F29: 43202 | G29: =DATEDIF(F29,$A$3,"Y") -> 2 | H29: =DATEDIF(F29,$A$3,"YM") -> 8 | K29: P | L29: ISLAM | M29: MALANG | N29: 31895 | O29: =DATEDIF(N29,$A$3,"Y") -> 33 | P29: =DATEDIF(N29,$A$3,"YM") -> 8 | Q29: SMP | R29: - | S29: - | T29: K/1 | U29: MOCH. FAUJI | V29: 29878 | W29: NAILA FAUZIATUROHMA | X29: 39899 | Y29: =DATEDIF(X29,$A$3,"Y") -> 11 | AF29: 3507156503870001 | AG29: JL. RADEN SALEH DSN PABRIAN RT.15/RW.03 BULULAWANG | AH29: JL. RADEN SALEH DSN PABRIAN RT.15/RW.03 BULULAWANG | AK29: - | AL29: 085646326911 | AM29: IRANING RAHAYU | AN29: 1440016469444 | AO29: MANDIRI | AP29: MALANG - KCP SUPRAPTO | AQ29: -
A30: =A29+1 -> 18 | B30: 9918040016 | C30: KHOLID MASRUROH | D30: STAFF PACKING | E30: KONTRAK | F30: 43202 | G30: =DATEDIF(F30,$A$3,"Y") -> 2 | H30: =DATEDIF(F30,$A$3,"YM") -> 8 | K30: P | L30: ISLAM | M30: MALANG | N30: 35350 | O30: =DATEDIF(N30,$A$3,"Y") -> 24 | P30: =DATEDIF(N30,$A$3,"YM") -> 2 | Q30: SMK | R30: ADMINISTRASI | S30: - | T30: TK/0 | AF30: 3507155210960001 | AG30: DS. TAJINAN RT.05/RW.03 TAJINAN | AH30: DS. TAJINAN RT.05/RW.03 TAJINAN | AK30: - | AL30: 082249062212 | AM30: KHOLID MASRUROH | AN30: 1440017224251 | AO30: MANDIRI | AP30: MALANG - KCP SUPRAPTO | AQ30: -
A31: =A30+1 -> 19 | B31: 9918040017 | C31: KIKI ANIKA PUTRI | D31: STAFF PACKING | E31: KONTRAK | F31: 43202 | G31: =DATEDIF(F31,$A$3,"Y") -> 2 | H31: =DATEDIF(F31,$A$3,"YM") -> 8 | K31: P | L31: ISLAM | M31: MALANG | N31: 33625 | O31: =DATEDIF(N31,$A$3,"Y") -> 28 | P31: =DATEDIF(N31,$A$3,"YM") -> 11 | Q31: SMK | R31: TEKNIK KOMP. & JARINGAN | S31: - | T31: K/1 | U31: RILO PAMBUDI LAKSONO | V31: 31472 | W31: NAJWA AVRILLIA PUTRI | X31: 41736 | Y31: =DATEDIF(X31,$A$3,"Y") -> 6 | AF31: 3507156201920003 | AG31: JL. MASJID NO 29 RT.05/RW.03 TAJINAN | AH31: JL. MASJID NO 29 RT.05/RW.03 TAJINAN | AK31: - | AL31: 085288777220 | AM31: KIKI ANIKA PUTRI | AN31: 1440016469345 | AO31: MANDIRI | AP31: MALANG - KCP SUPRAPTO | AQ31: -
A32: =A31+1 -> 20 | B32: 9918040018 | C32: NUR HALIMAH | D32: STAFF PACKING | E32: KONTRAK | F32: 43202 | G32: =DATEDIF(F32,$A$3,"Y") -> 2 | H32: =DATEDIF(F32,$A$3,"YM") -> 8 | K32: P | L32: ISLAM | M32: MALANG | N32: 34105 | O32: =DATEDIF(N32,$A$3,"Y") -> 27 | P32: =DATEDIF(N32,$A$3,"YM") -> 7 | Q32: SD | R32: - | S32: B | T32: K/1 | U32: AHMAD JAENURI | V32: 31029 | W32: MOCH. NIZAM ZULFIKAR | X32: 40959 | Y32: =DATEDIF(X32,$A$3,"Y") -> 8 | AF32: 3573035605930008 | AG32: JL. KALIANYAR RT.04/RW.01 WONOKOYO | AH32: JL. KH. MALIK DALAM RT.03/RW.04, BURING | AK32: - | AL32: 085853508699 | AM32: NUR HALIMAH | AN32: 1440016469329 | AO32: MANDIRI | AP32: MALANG - KCP SUPRAPTO | AQ32: -
A33: =A32+1 -> 21 | B33: 9918040019 | C33: RISA WULANDARI | D33: STAFF PACKING | E33: KONTRAK | F33: 43202 | G33: =DATEDIF(F33,$A$3,"Y") -> 2 | H33: =DATEDIF(F33,$A$3,"YM") -> 8 | K33: P | L33: ISLAM | M33: MALANG | N33: 31305 | O33: =DATEDIF(N33,$A$3,"Y") -> 35 | P33: =DATEDIF(N33,$A$3,"YM") -> 3 | Q33: SMA | R33: IPA | S33: - | T33: TK/1 | W33: NABILA WIDYA SAFIRA | X33: 39614 | Y33: =DATEDIF(X33,$A$3,"Y") -> 12 | AF33: 3507155509850001 | AG33: JL. MASJID NO 29 RT.05/RW.03 TAJINAN | AH33: JL. MASJID NO 29 RT.05/RW.03 TAJINAN | AK33: - | AL33: 081334767844 | AM33: RISA WULANDARI | AN33: 1440016469238 | AO33: MANDIRI | AP33: MALANG - KCP SUPRAPTO | AQ33: -
A34: =A33+1 -> 22 | B34: 9918040020 | C34: MAULIANA | D34: STAFF PACKING | E34: KONTRAK | F34: 43202 | G34: =DATEDIF(F34,$A$3,"Y") -> 2 | H34: =DATEDIF(F34,$A$3,"YM") -> 8 | K34: P | L34: ISLAM | M34: MALANG | N34: 37047 | O34: =DATEDIF(N34,$A$3,"Y") -> 19 | P34: =DATEDIF(N34,$A$3,"YM") -> 7 | Q34: SD | R34: - | S34: O | T34: TK/0 | AF34: - | AH34: JL. KH. MALIK DALAM BURING | AK34: - | AL34: 089649999391 | AM34: MAULIANA | AN34: 1440016469436 | AO34: MANDIRI | AP34: MALANG - KCP SUPRAPTO | AQ34: -
A35: =A34+1 -> 23 | B35: 9918040021 | C35: AHMAD MIFTACHUL ULUM | D35: STAFF PACKING | E35: KONTRAK | F35: 43202 | G35: =DATEDIF(F35,$A$3,"Y") -> 2 | H35: =DATEDIF(F35,$A$3,"YM") -> 8 | K35: L | L35: ISLAM | M35: MALANG | N35: 35595 | O35: =DATEDIF(N35,$A$3,"Y") -> 23 | P35: =DATEDIF(N35,$A$3,"YM") -> 6 | Q35: SMK | R35: KIMIA INDUSTRI | S35: - | T35: TK/0 | AF35: 3507171406970001 | AG35: JL. BRAWIJAYA KEPUH RT.44/RW.11 SUKOPURO - JABUNG | AH35: JL. BRAWIJAYA KEPUH RT.44/RW.11 SUKOPURO - JABUNG | AK35: - | AL35: 085881092663 | AM35: AHMAD MIFTAHUL ULUM | AN35: 1440017358059 | AO35: MANDIRI | AP35: MALANG - KCP SUPRAPTO | AQ35: ahmadulum207@gmail.com
A36: =A35+1 -> 24 | B36: 9918040022 | C36: NOFITASARI | D36: STAFF PACKING | E36: KONTRAK | F36: 43202 | G36: =DATEDIF(F36,$A$3,"Y") -> 2 | H36: =DATEDIF(F36,$A$3,"YM") -> 8 | K36: P | L36: ISLAM | M36: MALANG | N36: 35068 | O36: =DATEDIF(N36,$A$3,"Y") -> 25 | P36: =DATEDIF(N36,$A$3,"YM") -> 0 | Q36: SMP | R36: - | S36: O | T36: TK/0 | AF36: 3507184401960005 | AG36: DSN COKRO RT.04/RW.02 SUKOANYAR PAKIS | AH36: DSN COKRO RT.04/RW.02 SUKOANYAR PAKIS | AK36: - | AL36: 085755763644 | AM36: NOFITA SARI | AN36: 1440017357333 | AO36: MANDIRI | AP36: MALANG - KCP SUPRAPTO
A37: =A36+1 -> 25 | B37: 9918040024 | C37: FATCHUL AMIN | D37: STAFF PACKING | E37: KONTRAK | F37: 43202 | G37: =DATEDIF(F37,$A$3,"Y") -> 2 | H37: =DATEDIF(F37,$A$3,"YM") -> 8 | K37: L | L37: ISLAM | M37: MALANG | N37: 35463 | O37: =DATEDIF(N37,$A$3,"Y") -> 23 | P37: =DATEDIF(N37,$A$3,"YM") -> 11 | Q37: MA | R37: IPA | S37: O | T37: TK/0 | AF37: 3507150202970001 | AG37: TAJINAN RT.05/RW.03 TAJINAN | AH37: TAJINAN RT.05/RW.03 TAJINAN | AK37: - | AL37: 085843710881 | AM37: FATCHUL AMIN | AN37: 1440017357275 | AO37: MANDIRI | AP37: MALANG - KCP SUPRAPTO | AQ37: -
A38: =A37+1 -> 26 | B38: 9918040025 | C38: RIASULIS TIANING | D38: STAFF PACKING | E38: KONTRAK | F38: 43202 | G38: =DATEDIF(F38,$A$3,"Y") -> 2 | H38: =DATEDIF(F38,$A$3,"YM") -> 8 | K38: P | L38: ISLAM | M38: MALANG | N38: 34056 | O38: =DATEDIF(N38,$A$3,"Y") -> 27 | P38: =DATEDIF(N38,$A$3,"YM") -> 9 | Q38: SMP | R38: - | S38: - | T38: K/0 | U38: AHMAD ARDIANTO | V38: 33005 | AF38: 3507185503930001 | AG38: DUSUN KARANGNONGKO RT.01/RW.01 DESA PUCANG SONGO - PAKIS | AH38: DUSUN KARANGNONGKO RT.01/RW.01 DESA PUCANG SONGO - PAKIS | AK38: - | AL38: 083848371870 | AM38: RIASULIS TIANING | AN38: 1440016530633 | AO38: MANDIRI | AP38: MALANG - KCP SUPRAPTO
A39: =A38+1 -> 27 | B39: 9918080036 | C39: USMAN AINUR RIZKY | D39: STAFF PACKING | E39: KONTRAK | F39: 43330 | G39: =DATEDIF(F39,$A$3,"Y") -> 2 | H39: =DATEDIF(F39,$A$3,"YM") -> 4 | K39: L | L39: ISLAM | M39: MALANG | N39: 36332 | O39: =DATEDIF(N39,$A$3,"Y") -> 21 | P39: =DATEDIF(N39,$A$3,"YM") -> 6 | Q39: SMA | R39: - | S39: - | T39: TK/0 | AO39: MANDIRI | AP39: MALANG - KCP SUPRAPTO
A40: =A39+1 -> 28 | B40: 9918100039 | C40: SLAMET ARISUSANTO | D40: STAFF PACKING | E40: KONTRAK | F40: 43398 | G40: =DATEDIF(F40,$A$3,"Y") -> 2 | H40: =DATEDIF(F40,$A$3,"YM") -> 2 | K40: L | L40: ISLAM | M40: MALANG | N40: 32168 | O40: =DATEDIF(N40,$A$3,"Y") -> 32 | P40: =DATEDIF(N40,$A$3,"YM") -> 11 | Q40: SMA | R40: - | S40: - | T40: K/1 | AO40: MANDIRI | AP40: MALANG - KCP SUPRAPTO
A41: =A40+1 -> 29 | B41: 9918120041 | C41: MUHAMMAD NUR SHODIQ | D41: STAFF PACKING | E41: KONTRAK | F41: 43435 | G41: =DATEDIF(F41,$A$3,"Y") -> 2 | H41: =DATEDIF(F41,$A$3,"YM") -> 1 | K41: L | L41: ISLAM | M41: BOJONEGORO | N41: 35297 | O41: =DATEDIF(N41,$A$3,"Y") -> 24 | P41: =DATEDIF(N41,$A$3,"YM") -> 4 | Q41: SMA | R41: - | S41: - | T41: TK/0 | AH41: JL. ARGOPURO KECAMATAN LAWANG RT.03/RW.08 - LAWANG | AK41: - | AL41: 085791990276 | AO41: MANDIRI | AP41: MALANG - KCP SUPRAPTO
A42: DRIVER
A43: =A41+1 -> 30 | B43: 9918040026 | C43: SANTARI | D43: DRIVER | E43: KONTRAK | F43: 43202 | G43: =DATEDIF(F43,$A$3,"Y") -> 2 | H43: =DATEDIF(F43,$A$3,"YM") -> 8 | K43: L | L43: ISLAM | M43: MALANG | N43: 23563 | O43: =DATEDIF(N43,$A$3,"Y") -> 56 | P43: =DATEDIF(N43,$A$3,"YM") -> 6 | Q43: SD | R43: - | S43: - | T43: K/1 | U43: YAYUK | V43: 25826 | W43: M. ALDIN RIFANDI | X43: 36272 | Y43: =DATEDIF(X43,$A$3,"Y") -> 21 | AF43: 3507220507640001 | AG43: DUSUN SUMBEREJO RT.04/RW.02 KALISONGO - DAU | AH43: DUSUN SUMBEREJO RT.04/RW.02 KALISONGO - DAU | AK43: - | AL43: - | AM43: SANTARI | AN43: 1440017006906 | AO43: MANDIRI | AP43: MALANG - KCP SUPRAPTO | AQ43: -
A44: =A43+1 -> 31 | B44: 9918040027 | C44: SUWANDI | D44: DRIVER | E44: KONTRAK | F44: 43202 | G44: =DATEDIF(F44,$A$3,"Y") -> 2 | H44: =DATEDIF(F44,$A$3,"YM") -> 8 | K44: L | L44: ISLAM | M44: MALANG | N44: 25632 | O44: =DATEDIF(N44,$A$3,"Y") -> 50 | P44: =DATEDIF(N44,$A$3,"YM") -> 10 | Q44: STM | R44: - | S44: AB | T44: K/2 | U44: UMAYANTI | V44: 27760 | W44: NENI YUNIAR | X44: 35604 | Y44: =DATEDIF(X44,$A$3,"Y") -> 23 | Z44: BAGUS KURNIAWAN | AA44: 37862 | AB44: =DATEDIF(AA44,$A$3,"Y") -> 17 | AF44: 3507180503700001 | AG44: KEDUNGREJO DUSUN KEDUNGBOTO RT.01/RW.03 KEC. PAKIS | AH44: KEDUNGREJO DUSUN KEDUNGBOTO RT.01/RW.03 KEC. PAKIS | AK44: - | AL44: 082257094822 | AM44: SUWANDI | AN44: 1440016660430 | AO44: MANDIRI | AP44: MALANG - KCP SUPRAPTO | AQ44: -
A45: =A44+1 -> 32 | B45: 9918040028 | C45: SUEB | D45: DRIVER | E45: KONTRAK | F45: 43202 | G45: =DATEDIF(F45,$A$3,"Y") -> 2 | H45: =DATEDIF(F45,$A$3,"YM") -> 8 | K45: L | L45: ISLAM | M45: BOJONEGORO | N45: 28085 | O45: =DATEDIF(N45,$A$3,"Y") -> 44 | P45: =DATEDIF(N45,$A$3,"YM") -> 1 | Q45: SD | R45: - | S45: - | T45: K/1 | U45: DARLINA PUSPITA | V45: 30726 | W45: AMELIA PUSPITA SARI | X45: 39029 | Y45: =DATEDIF(X45,$A$3,"Y") -> 14 | AF45: 3522092111760001 | AG45: DS. NGLUMBER RT.05/RW.03 BOJONEGORO | AK45: - | AL45: 081330464949 | AM45: SUEB | AN45: 1440017286797 | AO45: MANDIRI | AP45: MALANG - KCP SUPRAPTO | AQ45: iwanm85@gmail.com
A46: =A45+1 -> 33 | B46: 9918050032 | C46: UMAR MA'RUF | D46: DRIVER | E46: KONTRAK | F46: 43222 | G46: =DATEDIF(F46,$A$3,"Y") -> 2 | H46: =DATEDIF(F46,$A$3,"YM") -> 8 | K46: L | L46: ISLAM | M46: MALANG | N46: 32419 | O46: =DATEDIF(N46,$A$3,"Y") -> 32 | P46: =DATEDIF(N46,$A$3,"YM") -> 3 | Q46: SMK | R46: OTOMOTIF | S46: - | T46: K/1 | U46: EVITA VENNY | V46: 31409 | W46: M. MATA MAULANA MA'RUF | X46: 42670 | Y46: =DATEDIF(X46,$A$3,"Y") -> 4 | AF46: 3573010310880001 | AG46: JL. MAYJED SOETOYO NO. 77 BALIKPAPAN | AH46: JL. KRESNO NO.22 RT.02/RW.01 POLEHAN MALANG | AK46: - | AL46: 082251702929 | AO46: MANDIRI | AP46: MALANG - KCP SUPRAPTO
A47: BAGIAN UMUM
A48: =A46+1 -> 34 | B48: 9918040029 | C48: MOCHAMAD FAUZI | D48: PENJAGA PARKIR | E48: KONTRAK | F48: 43202 | G48: =DATEDIF(F48,$A$3,"Y") -> 2 | H48: =DATEDIF(F48,$A$3,"YM") -> 8 | K48: L | L48: ISLAM | M48: MALANG | N48: 25336 | O48: =DATEDIF(N48,$A$3,"Y") -> 51 | P48: =DATEDIF(N48,$A$3,"YM") -> 7 | Q48: SD | R48: - | S48: - | AF48: 3573031305690008 | AG48: JL. SAWOJAJAR GANG XI NO.56 | AH48: JL. SAWOJAJAR GANG XI NO.56 | AK48: - | AL48: - | AM48: MOCHAMAD FAUZI | AN48: 1440017394161 | AO48: MANDIRI | AP48: MALANG - KCP SUPRAPTO | AQ48: -
A51: TURN OVER EMPLOYEE
A52: 1 | B52: 9918040007 | C52: GREVICTA VETA SANDIKA | D52: ADMIN | E52: MUTASI KLINIK | F52: 43202 | G52: =DATEDIF(F52,$A$3,"Y") -> 2 | H52: =DATEDIF(F52,$A$3,"YM") -> 8 | K52: P | L52: ISLAM | M52: MALANG | N52: 36136 | O52: =DATEDIF(N52,$A$3,"Y") -> 22 | P52: =DATEDIF(N52,$A$3,"YM") -> 0 | Q52: SMK | R52: KECANTIKAN KULIT | S52: B | T52: TK/0 | AF52: 3573054712980003 | AG52: JL. IKAN GURAMI NO.24 RT.03/RW.06 - MALANG | AH52: JL. IKAN GURAMI NO.24 RT.03/RW.06 - MALANG | AK52: - | AL52: 082261192267 | AM52: GREVICTA VETA SANDIKA | AO52: MANDIRI | AP52: MALANG | AQ52: -
A53: 2 | B53: 9918040009 | C53: FITRIYAH | D53: OFFICE GIRL / PANTRY | E53: RESIGN 10/7/18 | F53: 43202 | G53: =DATEDIF(F53,$A$3,"Y") -> 2 | H53: =DATEDIF(F53,$A$3,"YM") -> 8 | K53: P | L53: ISLAM | M53: MALANG | N53: 32998 | O53: =DATEDIF(N53,$A$3,"Y") -> 30 | P53: =DATEDIF(N53,$A$3,"YM") -> 8 | Q53: MI / SD | R53: - | S53: O | T53: TK/0 | AF53: 3573034505900009 | AG53: JL. KH MALIK DALAM RT.03/RW.04 - MALANG | AH53: JL. KH MALIK DALAM RT.03/RW.04 - MALANG | AK53: - | AL53: - | AM53: FITRIYAH | AN53: 1440016489459 | AO53: MANDIRI | AP53: MALANG - KCP SUPRAPTO | AQ53: -
A54: 3 | B54: 9918040030 | C54: MOH. THOYIB | D54: STAFF PACKING | E54: RESIGN 31/7/18 | F54: 43202 | G54: =DATEDIF(F54,$A$3,"Y") -> 2 | H54: =DATEDIF(F54,$A$3,"YM") -> 8 | K54: L | L54: ISLAM | M54: MALANG | N54: 31551 | O54: =DATEDIF(N54,$A$3,"Y") -> 34 | P54: =DATEDIF(N54,$A$3,"YM") -> 7 | Q54: SMA | R54: - | S54: - | T54: K/1 | U54: REZA SURATIN VAHLEVI | V54: 32728 | W54: ZALVA REZA NURLAILA | X54: 41388 | Y54: =DATEDIF(X54,$A$3,"Y") -> 7 | AF54: 3522091905860001 | AG54: DS. NGLUMBER RT.04/RW.02 BOJONEGORO | AK54: - | AL54: 085233738992 | AM54: MOH. THOYIB | AN54: 1440017358075 | AO54: MANDIRI | AP54: MALANG - KCP SUPRAPTO | AQ54: -
A55: 4 | B55: 9918040023 | C55: AHMAD RIZAL | D55: STAFF PACKING | E55: MUTASI GUDANG | F55: 43202 | G55: =DATEDIF(F55,$A$3,"Y") -> 2 | H55: =DATEDIF(F55,$A$3,"YM") -> 8 | K55: L | L55: ISLAM | M55: MALANG | N55: 36057 | O55: =DATEDIF(N55,$A$3,"Y") -> 22 | P55: =DATEDIF(N55,$A$3,"YM") -> 3 | Q55: SMK | R55: TEKNIK KOMP. & JARINGAN | S55: B | T55: TK/0 | AF55: 3507101909980007 | AG55: JL. TRUNOJOYO RT.34/RW.04 GONDANGLEGI KULON | AH55: JL. TRUNOJOYO RT.34/RW.04 GONDANGLEGI KULON | AK55: - | AL55: 085606382479 | AM55: AHMAD RIZAL | AN55: 1440016805381 | AO55: MANDIRI | AP55: MALANG - KCP SUPRAPTO | AQ55: -
A56: 5 | B56: 9918040008 | C56: KRISTANTI ODI LESTARI | D56: ADMIN | E56: RESIGN | F56: 43202 | G56: =DATEDIF(F56,$A$3,"Y") -> 2 | H56: =DATEDIF(F56,$A$3,"YM") -> 8 | K56: P | L56: ISLAM | M56: MALANG | N56: 36114 | O56: =DATEDIF(N56,$A$3,"Y") -> 22 | P56: =DATEDIF(N56,$A$3,"YM") -> 1 | Q56: SMK | R56: MULTIMEDIA | S56: O | T56: TK/0 | AF56: 3573045511980006 | AG56: JL. BANDULAN II / 865 RT.05/RW.03 - MALANG | AH56: JL. BANDULAN II / 865 RT.05/RW.03 - MALANG | AK56: - | AL56: 0822304057551 | AM56: KRISTANTI ODI LESTARI | AN56: 1440016867514 | AO56: MANDIRI | AP56: MALANG - KCP SUPRAPTO | AQ56: -
A57: =A56+1 -> 6 | B57: 9918040004 | C57: RIZHALDI ADHITYA | D57: ADMIN OFFICE | E57: TERMINASI | F57: 43202 | G57: =DATEDIF(F57,$A$3,"Y") -> 2 | H57: =DATEDIF(F57,$A$3,"YM") -> 8 | K57: L | L57: ISLAM | M57: MALANG | N57: 34991 | O57: =DATEDIF(N57,$A$3,"Y") -> 25 | P57: =DATEDIF(N57,$A$3,"YM") -> 2 | Q57: SMK | R57: MULTIMEDIA | S57: O | T57: TK/0 | AF57: 3573041910950004 | AG57: JL. IR RAIS I/42 RT.04 RW.02 MALANG | AH57: JL. IR RAIS I/42 RT.04 RW.02 MALANG | AK57: - | AL57: 082245659840 | AM57: RIZHALDI ADHITYA | AN57: 1440016589548 | AO57: MANDIRI | AP57: MALANG - KCP SUPRAPTO | AQ57: rizhaladit@gmail.com

Sheet 2019
A1: DAFTAR NAMA TENAGA KERJA
A3: =+NOW() -> 44202.499
A5: No. | B5: N I K * | C5: NAMA LENGKAP | D5: JABATAN * | E5: STATUS KARYAWAN | F5: TANGGAL MULAI KERJA | G5: STATUS KEPEGAWAIAN | J5: MASA KERJA | N5: JENIS KELAMIN | O5: A G A M A | P5: TEMPAT LAHIR | Q5: Tanggal Lahir | R5: Umur | T5: PENDIDIKAN TERAKHIR | V5: GOLONGAN DARAH | W5: STATUS PERKAWINAN | X5: ISTERI/SUAMI | Z5: ANAK I | AC5: ANAK II | AF5: ANAK III | AI5: KTP * | AK5: ALAMAT TINGGAL | AL5: NO. BPJS KETENAGAKERJAAN | AM5: NO. BPJS KESEHATAN | AN5: NPWP | AO5: NO. HP | AP5: ACCOUNT BANK * | AT5: EMAIL
J6: =+NOW() -> 44202.499 | L6: MULAI | M6: AKHIR | T6: Pendidikan | U6: Jurusan | X6: Nama | Y6: Tgl Lahir | Z6: Nama | AA6: Tgl Lahir | AB6: Umur | AC6: Nama | AD6: Tgl Lahir | AE6: Umur | AF6: Nama | AG6: Tgl Lahir | AH6: Pendidikan | AI6: NOMOR KTP | AJ6: ALAMAT KTP | AP6: Atas Nama (sesuai dibuku rekening) | AQ6: NOMOR REKENING | AR6: BANK | AS6: CABANG
G7: KONTRAK 1 (1 THN) | H7: KONTRAK 2 (2 THN) | I7: TETAP | J7: Tahun | K7: Bulan | Q7: =+NOW() -> 44202.499 | R7: Tahun | S7: Bulan
A8: MANAGEMENT
C9: SHANDY PURNAMASARI | D9: KOMISARIS | N9: P | O9: ISLAM | P9: SURABAYA | Q9: 33521 | R9: =DATEDIF(Q9,$A$3,"Y") -> 29 | S9: =DATEDIF(Q9,$A$3,"YM") -> 2 | W9: K/1 | X9: GILANG WIDYA PRAMANA | Y9: 32632 | Z9: FELICIA LASHA ZAFEERA | AA9: 41559 | AB9: =DATEDIF(AA9,$A$3,"Y") -> 7 | AK9: GREENWOOD GOLF INDAH NO. 5 - MALANG
C10: GILANG WIDYA PRAMANA | D10: DIREKTUR | N10: L | O10: ISLAM | P10: PROBOLINGGO | Q10: 32632 | R10: =DATEDIF(Q10,$A$3,"Y") -> 31 | S10: =DATEDIF(Q10,$A$3,"YM") -> 8 | W10: K/1 | X10: SHANDY PURNAMASARI | Y10: 33521 | Z10: FELICIA LASHA ZAFEERA | AA10: 41559 | AB10: =DATEDIF(AA10,$A$3,"Y") -> 7 | AI10: 3574040405890001 | AJ10: JL. KH AHMAD DAHLAN 123 RT.01/RW.01 PROBOLINGGO | AK10: GREENWOOD GOLF INDAH NO. 5 - MALANG | AN10: 35.447.918.0.625.000 | AO10: 081233732340
A11: BACK OFFICE
A12: 1 | B12: 9918040002 | C12: CHANDRA MAHARDHIKA | D12: MANAGER PRODUCT | E12: KONTRAK | F12: 43202 | G12: 43202 | H12: 43567 | J12: =DATEDIF(F12,$A$3,"Y") -> 2 | K12: =DATEDIF(F12,$A$3,"YM") -> 8 | N12: L | O12: ISLAM | P12: MALANG | Q12: 32362 | R12: =DATEDIF(Q12,$A$3,"Y") -> 32 | S12: =DATEDIF(Q12,$A$3,"YM") -> 4 | T12: S-2 | U12: MANAJ. SUMBER DAYA MANUSIA | V12: O | W12: K/1 | X12: FEBRIANA PUTRI ASIH VALENTINE | Y12: 32188 | Z12: ALARIC GHIBRAN MAHARDHIKA | AA12: 42531 | AB12: =DATEDIF(AA12,$A$3,"Y") -> 4 | AC12: - | AD12: - | AE12: - | AI12: 3573040708880003 | AJ12: JL. RANAKAH Q-9 TIDAR - MALANG | AK12: JL. SIMPANG LOWOKDORO NO. 2 KAV. 1 - MALANG | AN12: 97.290.407.2.623.000 | AO12: 081233993341 | AP12: CHANDRA MAHARDHIKA | AQ12: 144-00-1739415-3 | AR12: MANDIRI | AS12: MALANG - KCP SUPRAPTO | AT12: mahardhika.chandra7888@gmail.com
A13: 2 | B13: 9919010001 | C13: AISAH RACHMAWATI | D13: ACCOUNTING | E13: KONTRAK | F13: 43467 | G13: 43467 | J13: =DATEDIF(F13,$A$3,"Y") -> 2 | K13: =DATEDIF(F13,$A$3,"YM") -> 0 | N13: P | O13: ISLAM | P13: MALANG | Q13: 34474 | R13: =DATEDIF(Q13,$A$3,"Y") -> 26 | S13: =DATEDIF(Q13,$A$3,"YM") -> 7 | T13: S-1 | U13: AKUNTANSI | V13: A | W13: TK/0 | X13: - | Y13: - | Z13: - | AA13: - | AB13: - | AC13: - | AD13: - | AE13: - | AI13: 3573026005940004 | AJ13: JL. TAPAK SIRING II/43E RT.05/RW.08 KEL. SAMAAN - MALANG | AK13: JL. TAPAK SIRING II/43E RT.05/RW.08 KEL. SAMAAN - MALANG | AN13: - | AO13: 081252696065 | AP13: AISAH RACHMAWATI | AQ13: 144-00-1811601-9 | AR13: MANDIRI | AS13: MALANG - KCP SUPRAPTO | AT13: aiss20rachman@gmail.com
A14: 3 | B14: 9919020011 | C14: VENNA ROSIA MARHETA | D14: MANAGER HRGA | E14: KONTRAK | F14: 43497 | G14: 43497 | J14: =DATEDIF(F14,$A$3,"Y") -> 1 | K14: =DATEDIF(F14,$A$3,"YM") -> 11 | N14: P | O14: ISLAM | P14: MALANG | Q14: 31666 | R14: =DATEDIF(Q14,$A$3,"Y") -> 34 | S14: =DATEDIF(Q14,$A$3,"YM") -> 3 | T14: S-2 | U14: MANAJ. SUMBER DAYA MANUSIA | V14: A | W14: K/1 | X14: MOH. HASIM AS'ARI | Y14: 30600 | Z14: GHAIDA AMETHYSA SHANUM | AA14: 41939 | AB14: =DATEDIF(AA14,$A$3,"Y") -> 6 | AC14: - | AD14: - | AE14: - | AI14: 3573045109860002 | AJ14: JL. RAYA GADANG XB NO 49 RT.04/RW.05 KEL. GADANG - MALANG | AK14: JL. RAYA GADANG XB NO 48 RT.04/RW.05 KEL. GADANG - MALANG | AN14: 08.735.462.7-623.000 | AO14: 0895627070220 | AP14: VENNA ROSIA MARHETA | AQ14: 144-00-1818033-8 | AR14: MANDIRI | AS14: MALANG - KCP SUPRAPTO | AT14: verota.pussie@gmail.com
A15: 4 | B15: 9919020012 | C15: DENI LUQMANA | D15: PURCHASING | E15: KONTRAK | F15: 43497 | G15: 43497 | J15: =DATEDIF(F15,$A$3,"Y") -> 1 | K15: =DATEDIF(F15,$A$3,"YM") -> 11 | N15: L | O15: ISLAM | P15: PROBOLINGGO | Q15: 33977 | R15: =DATEDIF(Q15,$A$3,"Y") -> 27 | S15: =DATEDIF(Q15,$A$3,"YM") -> 11 | T15: S-1 | U15: SOSIOLOGI | V15: B | W15: TK/0 | X15: - | Y15: - | Z15: - | AA15: - | AB15: - | AC15: - | AD15: - | AE15: - | AI15: 3574020801930001 | AJ15: PERUM SUMBER TAMAN INDAH BLOK D-14 PROBOLINGGO | AK15: PERUM PERMATA JINGGA BLOK SAWO 19 MALANG | AN15: 80.153.482.7-625.000 | AO15: 082234653862 | AP15: DENI LUQMANA | AQ15: 144-00-1818035-3 | AR15: MANDIRI | AS15: MALANG - KCP SUPRAPTO | AT15: deniluqmana1@gmail.com
A16: 5 | B16: 9918040003 | C16: KUMARA FOREST HIMAWAN | D16: DESAIN GRAFIS | E16: KONTRAK | F16: 43202 | G16: 43202 | H16: 43567 | J16: =DATEDIF(F16,$A$3,"Y") -> 2 | K16: =DATEDIF(F16,$A$3,"YM") -> 8 | N16: L | O16: ISLAM | P16: MALANG | Q16: 33885 | R16: =DATEDIF(Q16,$A$3,"Y") -> 28 | S16: =DATEDIF(Q16,$A$3,"YM") -> 2 | T16: S-1 | U16: TI - DG | V16: O | W16: TK/0 | X16: - | Y16: - | Z16: - | AA16: - | AB16: - | AC16: - | AD16: - | AE16: - | AI16: 3573040810920007 | AJ16: JL. S. SUPRIADI A IX RT.07 RW.04 NO.26 - MALANG | AK16: JL. S. SUPRIADI A IX RT.07 RW.04 NO.26 - MALANG | AN16: 75.555.660.2.623.000 | AO16: 089680813467 | AP16: KUMARA FOREST H. | AQ16: 144-00-1728680-5 | AR16: MANDIRI | AS16: MALANG - KCP SUPRAPTO | AT16: kumarabunk@gmail.com
A17: 6 | B17: 9918080037 | C17: RIDA' MILLATI | D17: GENERAL MANAGER | E17: KONTRAK | F17: 43340 | G17: 43340 | J17: =DATEDIF(F17,$A$3,"Y") -> 2 | K17: =DATEDIF(F17,$A$3,"YM") -> 4 | N17: P | O17: ISLAM | P17: MALANG | Q17: 34553 | R17: =DATEDIF(Q17,$A$3,"Y") -> 26 | S17: =DATEDIF(Q17,$A$3,"YM") -> 4 | T17: S-1 | U17: DESAIN PRODUCT | V17: - | W17: TK/1 | X17: - | Y17: - | Z17: MIKAYLA ALESHA VALERIE | AA17: 42598 | AB17: =DATEDIF(AA17,$A$3,"Y") -> 4 | AC17: - | AD17: - | AE17: - | AI17: 3573044708940000 | AJ17: JL. SIMPANG LOWOKDORO I no. 5 RT.10/RW.04 KEC. SUKUN - MALANG | AK17: JL. SIMPANG LOWOKDORO I no. 5 RT.10/RW.04 KEC. SUKUN - MALANG | AN17: - | AO17: 085257396000 | AP17: RIDA' MILLATI | AQ17: 144-00-1771808-8 | AR17: MANDIRI | AS17: MALANG - KCP SUPRAPTO | AT17: rida.millati29@gmail.com
A18: 7 | B18: 9919010006 | C18: ROY | D18: DESAIN GRAFIS | E18: KONTRAK | F18: 43469 | G18: 43469 | J18: =DATEDIF(F18,$A$3,"Y") -> 2 | K18: =DATEDIF(F18,$A$3,"YM") -> 0 | N18: L | O18: ISLAM | P18: MALANG | Q18: 33831 | R18: =DATEDIF(Q18,$A$3,"Y") -> 28 | S18: =DATEDIF(Q18,$A$3,"YM") -> 4 | T18: S-1 | U18: TI - DG | V18: - | W18: K/0 | X18: RIMA DHANI RAHMA SUWANDI | Y18: 35454 | Z18: - | AA18: - | AB18: - | AC18: - | AD18: - | AE18: - | AI18: 3507191508920002 | AJ18: JL. GARUDA RT.06/RW.02 DS. KARANGPANDAN - PAKISAJI | AK18: JL. GARUDA RT.06/RW.02 DS. KARANGPANDAN - PAKISAJI | AN18: - | AO18: 085736881552 | AP18: ROY | AQ18: 144-00-1811609-2 | AR18: MANDIRI | AS18: MALANG - KCP SUPRAPTO | AT18: secondsecret.2nd@gmail.
A19: 8 | B19: 9919020013 | C19: USHA FATNIA AUDRINISA | D19: DESAIN GRAFIS | E19: KONTRAK | F19: 43511 | G19: 43511 | J19: =DATEDIF(F19,$A$3,"Y") -> 1 | K19: =DATEDIF(F19,$A$3,"YM") -> 10 | N19: P | O19: ISLAM | P19: MALANG | Q19: 34934 | R19: =DATEDIF(Q19,$A$3,"Y") -> 25 | S19: =DATEDIF(Q19,$A$3,"YM") -> 4 | T19: S-1 | U19: INTERACTIVE AND VISUAL DESIGN | V19: B | W19: TK/0 | X19: - | Y19: - | Z19: - | AA19: - | AB19: - | AC19: - | AD19: - | AE19: - | AI19: 3573026308950002 | AJ19: JL RAUNG 4 005/005 ORO-ORO DOWO KLOJEN MALANG | AK19: JL RAUNG 4 005/005 ORO-ORO DOWO KLOJEN MALANG | AN19: - | AO19: 081332310462 | AP19: USHA FATNIA AUDRINISA | AQ19: 144-00-1819114-5 | AR19: MANDIRI | AS19: MALANG - KCP SUPRAPTO | AT19: usha.fatnia@gmail.com
A20: 9 | B20: 9919010003 | C20: ALONG ALFIAH | D20: ADMIN OFFICE | E20: KONTRAK | F20: 43467 | G20: 43467 | J20: =DATEDIF(F20,$A$3,"Y") -> 2 | K20: =DATEDIF(F20,$A$3,"YM") -> 0 | N20: P | O20: ISLAM | P20: PROBOLINGGO | Q20: 35726 | R20: =DATEDIF(Q20,$A$3,"Y") -> 23 | S20: =DATEDIF(Q20,$A$3,"YM") -> 2 | T20: D-I | U20: ADM. PERKANTORAN | V20: B+ | W20: TK/0 | X20: - | Y20: - | Z20: - | AA20: - | AB20: - | AC20: - | AD20: - | AE20: - | AI20: 3513056310970003 | AJ20: JL. IR SUTAMI DS. JORONGAN KEC. LECES - PROBOLINGGO | AK20: JL. IR SUTAMI DS. JORONGAN KEC. LECES - PROBOLINGGO | AN20: - | AO20: 085559612295 | AP20: ALONG ALFIAH | AQ20: 144-00-1692098-2 | AR20: MANDIRI | AS20: MALANG - KCP SUPRAPTO | AT20: along.alfiah@gmail.com
A21: 10 | B21: 9918040005 | C21: OKY ARI AFANDI | D21: ADMIN OFFICE | E21: KONTRAK | F21: 43202 | G21: 43202 | H21: 43567 | J21: =DATEDIF(F21,$A$3,"Y") -> 2 | K21: =DATEDIF(F21,$A$3,"YM") -> 8 | N21: L | O21: ISLAM | P21: MALANG | Q21: 33519 | R21: =DATEDIF(Q21,$A$3,"Y") -> 29 | S21: =DATEDIF(Q21,$A$3,"YM") -> 2 | T21: S-1 | U21: MANAJEMEN | V21: - | W21: TK/0 | X21: - | Y21: - | Z21: - | AA21: - | AB21: - | AC21: - | AD21: - | AE21: - | AI21: 3573040810910003 | AJ21: JL. CANDI 5B/569 KEL. KARANGBESUKI- MALANG | AK21: JL. CANDI 5B/569 KEL. KARANGBESUKI- MALANG | AN21: - | AO21: 082236179998 | AP21: OKY ARI AFANDI | AQ21: 144-00-1647197-8 | AR21: MANDIRI | AS21: MALANG - KCP SUPRAPTO | AT21: ocky08traffict@gmail.com
A22: 11 | B22: 9918040006 | C22: VIOLA DWI PERMATASARI | D22: MARKETING | E22: KONTRAK | F22: 43202 | G22: 43202 | H22: 43567 | J22: =DATEDIF(F22,$A$3,"Y") -> 2 | K22: =DATEDIF(F22,$A$3,"YM") -> 8 | N22: P | O22: ISLAM | P22: MALANG | Q22: 34969 | R22: =DATEDIF(Q22,$A$3,"Y") -> 25 | S22: =DATEDIF(Q22,$A$3,"YM") -> 3 | T22: SMK | U22: MULTIMEDIA | V22: O | W22: TK/0 | X22: - | Y22: - | Z22: - | AA22: - | AB22: - | AC22: - | AD22: - | AE22: - | AI22: 3579016709950002 | AJ22: JL. LESTI UTARA NO. 91B RT.07/RW.03 - BATU | AK22: JL. LESTI UTARA NO. 91B RT.07/RW.03 - BATU | AN22: - | AO22: 082257886906 | AP22: VIOLA DWI PERMATASARI | AQ22: 144-00-1686759-7 | AR22: MANDIRI | AS22: MALANG - KCP SUPRAPTO | AT22: violapermatasari09@gmail.com
A23: 12 | B23: 9918050033 | C23: SARIFA AINI | D23: MARKETING | E23: KONTRAK | F23: 43222 | G23: 43222 | H23: 43587 | J23: =DATEDIF(F23,$A$3,"Y") -> 2 | K23: =DATEDIF(F23,$A$3,"YM") -> 8 | N23: P | O23: ISLAM | P23: MALANG | Q23: 33553 | R23: =DATEDIF(Q23,$A$3,"Y") -> 29 | S23: =DATEDIF(Q23,$A$3,"YM") -> 1 | T23: S1 | U23: ADMINISTRASI BISNIS | V23: B | W23: K/1 | X23: WICAKSONO HARYO | Y23: 33482 | Z23: KAUTSARYO GHIFARYAN AL ABIDZAR | AA23: 42846 | AB23: =DATEDIF(AA23,$A$3,"Y") -> 3 | AC23: - | AD23: - | AE23: - | AI23: 3573015111910002 | AJ23: JL. DANAU JONGE H7 D-30 RT.04/RW.15 - MALANG | AK23: JL. DANAU JONGE H7 D-30 RT.04/RW.15 - MALANG | AN23: - | AO23: 081233625018 | AP23: SARIFA AINI | AQ23: 144-00-1746222-4 | AR23: MANDIRI | AS23: MALANG - KCP SUPRAPTO | AT23: -
A24: 13 | B24: 9919030015 | C24: SINTA ELMI RAHMAWATI | D24: ADMIN / REGISTRASI | E24: KONTRAK | F24: 43535 | G24: 43535 | J24: =DATEDIF(F24,$A$3,"Y") -> 1 | K24: =DATEDIF(F24,$A$3,"YM") -> 9 | N24: P | O24: ISLAM | P24: MALANG | Q24: 34251 | R24: =DATEDIF(Q24,$A$3,"Y") -> 27 | S24: =DATEDIF(Q24,$A$3,"YM") -> 2 | T24: S1 | U24: PSIKOLOGI | V24: O | W24: TK/0 | X24: - | Y24: - | Z24: - | AA24: - | AB24: - | AC24: - | AD24: - | AE24: - | AI24: 3579024910930001 | AJ24: JL. GAJAHMADA 3 NO 37 RT.03/RW.03 TULUNGREJO - BUMIAJI BATU | AK24: JL. GAJAHMADA 3 NO 37 RT.03/RW.03 TULUNGREJO - BUMIAJI BATU | AN24: - | AO24: 083848804994 | AP24: SINTA ELMI RAHMAWATI | AQ24: 144-00-1829106-9 | AR24: MANDIRI | AS24: MALANG - KCP SUPRAPTO | AT24: sinta.rahma90@gmail.com
A25: 14 | B25: 9919010010 | C25: KUSNUL YULIARIANTO | D25: SECURITY | E25: KONTRAK | F25: 43496 | G25: 43496 | J25: =DATEDIF(F25,$A$3,"Y") -> 1 | K25: =DATEDIF(F25,$A$3,"YM") -> 11 | N25: L | O25: ISLAM | P25: MALANG | Q25: 31595 | R25: =DATEDIF(Q25,$A$3,"Y") -> 34 | S25: =DATEDIF(Q25,$A$3,"YM") -> 6 | T25: SMK | U25: TEKNIK LISTRIK | V25: - | W25: K/2 | X25: NURKARMIA | Y25: - | Z25: NAFESA AZUKA | AA25: - | AB25: - | AC25: - | AD25: - | AE25: - | AI25: 3507210207860002 | AJ25: JL. PARANGARGO RT.09 RW.02 KEC WAGIR | AK25: JL. PARANGARGO RT.09 RW.02 KEC WAGIR | AN25: - | AO25: 083834658898 | AP25: KUSNUL YULIARIANTO | AQ25: 144-00-1818513-9 | AR25: MANDIRI | AS25: MALANG - KCP SUPRAPTO | AT25: gandulnoel@gmail.com
A26: 15 | B26: 9918070035 | C26: YULAIKA | D26: OFFICE GIRL / PANTRY | E26: KONTRAK | F26: 43299 | G26: 43299 | H26: 43664 | J26: =DATEDIF(F26,$A$3,"Y") -> 2 | K26: =DATEDIF(F26,$A$3,"YM") -> 5 | N26: P | O26: ISLAM | P26: MALANG | Q26: 25432 | R26: =DATEDIF(Q26,$A$3,"Y") -> 51 | S26: =DATEDIF(Q26,$A$3,"YM") -> 4 | T26: SD | U26: - | V26: - | W26: - | X26: - | Y26: - | Z26: - | AA26: - | AB26: - | AC26: - | AD26: - | AE26: - | AI26: 3507165708690002 | AJ26: JL. NAKULA 29 RT.03/RW.014 - TUMPANG | AN26: - | AO26: 082143604353 | AP26: YULAIKA | AQ26: 144-00-1763938-3 | AR26: MANDIRI | AS26: MALANG - KCP SUPRAPTO
A27: 16 | B27: 9918110040 | C27: ANNISYA FERONICA | D27: DESAIN GRAFIS | E27: KONTRAK | F27: 43407 | G27: 43407 | J27: =DATEDIF(F27,$A$3,"Y") -> 2 | K27: =DATEDIF(F27,$A$3,"YM") -> 2 | N27: P | O27: ISLAM | P27: BANYUWANGI | Q27: 34813 | R27: =DATEDIF(Q27,$A$3,"Y") -> 25 | S27: =DATEDIF(Q27,$A$3,"YM") -> 8 | T27: S-1 | U27: DESAIN PRODUCT | V27: O | W27: K/0 | X27: ICHSAN HANIF NUGROHO | Y27: 34823 | Z27: - | AA27: - | AB27: - | AC27: - | AD27: - | AE27: - | AI27: 3510166404950004 | AJ27: PERUM MENDUT REGENCY J/30, MOJOPANGGUNG - GIRI | AK27: JL. TELUK ETNA X KAV.145 NO.2 ARJOSARI - MALANG | AN27: - | AO27: 082257451869 | AP27: ANNISYA FERRONICA | AQ27: 144-00-1796729-7 | AR27: MANDIRI | AS27: MALANG - KCP SUPRAPTO | AT27: annisya.ferronica@gmail.com
A28: 17 | B28: 9919050019 | C28: MOH. ANDIKA RAISMA | D28: HRGA | E28: KONTRAK | F28: 43591 | G28: 43591 | J28: =DATEDIF(F28,$A$3,"Y") -> 1 | K28: =DATEDIF(F28,$A$3,"YM") -> 8 | N28: L | O28: ISLAM | P28: LAMONGAN | Q28: 35621 | R28: =DATEDIF(Q28,$A$3,"Y") -> 23 | S28: =DATEDIF(Q28,$A$3,"YM") -> 5 | T28: D1 | U28: KOMP. APLIKASI BISNIS ADM PERKANTORAN | V28: - | W28: TK/0 | X28: - | Y28: - | Z28: - | AA28: - | AB28: - | AC28: - | AD28: - | AE28: - | AI28: 3524021007970001 | AJ28: SONGO RT/RE 006/003 SONGOWARENG BLULUK LAMONGAN | AK28: JL CANDI BADUT KEC LOWOKWARU KOTA MALANG | AN28: - | AO28: 085707165618 | AP28: MOH. ANDIKA RAISMA | AQ28: 144-00-1846514-3 | AR28: MANDIRI | AS28: MALANG - KCP SUPRAPTO | AT28: raismaandika1@gmail.com
A29: 18 | B29: 9919100048 | C29: MARKUS VIRNANDA LUVI | D29: DESAIN GRAFIS | E29: KONTRAK | F29: 43741 | G29: 43741 | J29: =DATEDIF(F29,$A$3,"Y") -> 1 | K29: =DATEDIF(F29,$A$3,"YM") -> 3 | N29: L | O29: KRISTEN | P29: MALANG | Q29: 35150 | R29: =DATEDIF(Q29,$A$3,"Y") -> 24 | S29: =DATEDIF(Q29,$A$3,"YM") -> 9 | T29: D1 | U29: DESAIN GRAFIS | V29: O | W29: TK/0 | X29: - | Y29: - | Z29: - | AA29: - | AB29: - | AC29: - | AD29: - | AE29: - | AI29: 3507302603960001 | AJ29: DUSUN KRAJAN RT/RW 001/001 TAMAN KUNCARAN TIRTOYUDO MALANG | AK29: DUSUN KRAJAN RT/RW 001/001 TAMAN KUNCARAN TIRTOYUDO MALANG | AN29: - | AO29: 087859317997 | AP29: MARKUS VIRNANDA LUVI | AQ29: 144-00-1891228-4 | AR29: MANDIRI | AS29: MALANG - KCP SUPRAPTO
A30: 19 | B30: 9919100049 | C30: HENIP FATUL ULA | D30: ADM REVIEW | E30: KONTRAK | F30: 43750 | G30: 43750 | J30: =DATEDIF(F30,$A$3,"Y") -> 1 | K30: =DATEDIF(F30,$A$3,"YM") -> 2 | N30: P | O30: ISLAM | P30: MALANG | Q30: 36926 | R30: =DATEDIF(Q30,$A$3,"Y") -> 19 | S30: =DATEDIF(Q30,$A$3,"YM") -> 11 | T30: SMA | U30: AGRIBISNIS PERTANIAN | V30: O | W30: TK/0 | X30: - | Y30: - | Z30: - | AA30: - | AB30: - | AC30: - | AD30: - | AE30: - | AI30: 3507154402010003 | AJ30: JL MASJID KLAGEN TAJINAN RT 05 RW 03 TAJINAN MALANG | AK30: JL MASJID KLAGEN TAJINAN RT 05 RW 03 TAJINAN MALANG | AN30: - | AO30: 085850143301 | AP30: HENIP FATUL ULA | AQ30: 144-00-1891157-5 | AR30: MANDIRI | AS30: MALANG - KCP SUPRAPTO
A31: 20 | B31: 9919110050 | C31: SAMANTHA IGA PERMATASARI | D31: STAFF PAJAK | E31: KONTRAK | F31: 43770 | G31: 43770 | J31: =DATEDIF(F31,$A$3,"Y") -> 1 | K31: =DATEDIF(F31,$A$3,"YM") -> 2 | N31: P | O31: ISLAM | P31: MALANG | Q31: 35439 | R31: =DATEDIF(Q31,$A$3,"Y") -> 23 | S31: =DATEDIF(Q31,$A$3,"YM") -> 11 | T31: SMK | U31: AKUNTANSI | W31: TK/0 | AI31: 3507194901970002 | AJ31: JL. BARAKAN GG 5B RT02 RW04 GENENGAN PAKISAJI | AK31: JL. BARAKAN GG 5B RT02 RW04 GENENGAN PAKISAJI | AO31: 081230422528 | AP31: SAMANTHA IGA PERMATASARI | AQ31: 144-00-1902586-2 | AR31: MANDIRI | AS31: MALANG - KCP SUPRAPTO | AT31: samanthaiga8@gmail.com
A32: 21 | B32: 9919110052 | C32: ARUM SETIYONINGSIH | D32: LEGAL | E32: KONTRAK | F32: 43794 | G32: 43794 | J32: =DATEDIF(F32,$A$3,"Y") -> 1 | K32: =DATEDIF(F32,$A$3,"YM") -> 1 | N32: P | O32: ISLAM | P32: BOJONEGORO | Q32: 35755 | R32: =DATEDIF(Q32,$A$3,"Y") -> 23 | S32: =DATEDIF(Q32,$A$3,"YM") -> 1 | T32: S1 | U32: HUKUM | V32: A | W32: TK/0 | AI32: 3578286111970001 | AJ32: GENTING V/21/GENTING KALIANAK/ASEMROWO, BOJONEGORO | AK32: SAWOJAJAR IV | AO32: 081293751782 | AP32: ARUM SETIYONINGSIH | AQ32: 144-00-1902606-8 | AR32: MANDIRI | AS32: MALANG - KCP SUPRAPTO | AT32: arumstyn9@gmail.com
A33: 22 | B33: 9919110053 | C33: ANDYKA SYAHPUTRA | D33: ACCOUNTING | E33: KONTRAK | F33: 43795 | G33: 43795 | J33: =DATEDIF(F33,$A$3,"Y") -> 1 | K33: =DATEDIF(F33,$A$3,"YM") -> 1 | N33: L | O33: ISLAM | P33: MALANG | Q33: 34246 | R33: =DATEDIF(Q33,$A$3,"Y") -> 27 | S33: =DATEDIF(Q33,$A$3,"YM") -> 3 | T33: D2 | U33: ACCOUNTING | W33: TK/0 | AI33: 3573010410930002 | AJ33: JL. BATU AMARIL 38, RT/RW 02/04 PANDANWANGI, BLIMBING | AK33: JL. BATU AMARIL 38, RT/RW 02/04 PANDANWANGI, BLIMBING | AO33: 0895414552493 | AP33: ANDYKA SYAHPUTRA | AQ33: 144-00-1902619-1 | AR33: MANDIRI | AS33: MALANG - KCP SUPRAPTO | AT33: dykaputra1993@gmail.com
A34: 23 | B34: =NIK!$B$110 -> 9919120062 | C34: PIPIT CHOIRUL PUSPITASARI | D34: ADMIN MARKETING | E34: KONTRAK | F34: 43813 | G34: 43813 | J34: =DATEDIF(F34,$A$3,"Y") -> 1 | K34: =DATEDIF(F34,$A$3,"YM") -> 0 | N34: P | O34: ISLAM | P34: MALANG | Q34: 34875 | R34: =DATEDIF(Q34,$A$3,"Y") -> 25 | S34: =DATEDIF(Q34,$A$3,"YM") -> 6 | T34: S1 | U34: KESEJAHTERAAN SOSIAL | V34: B | W34: TK/0 | AI34: 3507186506950003 | AJ34: JL. KEDOYO TIMUR RT/RW 03/14, KEL. MANGLIAWAN KEC. PAKIS | AK34: JL. KEDOYO TIMUR RT/RW 03/14, KEL. MANGLIAWAN KEC. PAKIS | AO34: 081332450523 | AP34: PIPIT CHOIRUL PUSPITASARI | AQ34: 144-00-1859551-9 | AR34: MANDIRI | AS34: MALANG - KCP SUPRAPTO | AT34: pipitpita54@gmail.com
A35: 24 | B35: =NIK!$B$117 -> 9919120069 | C35: TRI NOVITA DANUATI | D35: ADMIN MARKETING | E35: KONTRAK | F35: 43820 | G35: 43820 | J35: =DATEDIF(F35,$A$3,"Y") -> 1 | K35: =DATEDIF(F35,$A$3,"YM") -> 0 | N35: P | O35: ISLAM | P35: LUMAJANG | Q35: 35391 | R35: =DATEDIF(Q35,$A$3,"Y") -> 24 | S35: =DATEDIF(Q35,$A$3,"YM") -> 1 | T35: S1 | U35: MANAJEMEN BISNIS INDUSTRI | V35: O | W35: TK/0 | AI35: 3508026211960001 | AJ35: SUMBERURIP RT/RW 03/02 PRONOJIWO, LUMAJANG | AK35: JL SUDIMORO NO 81 MOJOLANGU KEC LOWOKWARU | AO35: 085755339470 | AP35: TRI NOVITA DANUATI | AR35: MANDIRI | AS35: MALANG - KCP SUPRAPTO | AT35: trinovitadanuati@gmail.com
A36: 25 | B36: =NIK!$B$118 -> 9919120070 | C36: ONIS NABILLA NIRMALA SARI | D36: ADMIN MARKETING | E36: KONTRAK | F36: 43820 | G36: 43820 | J36: =DATEDIF(F36,$A$3,"Y") -> 1 | K36: =DATEDIF(F36,$A$3,"YM") -> 0 | N36: P | O36: ISLAM | P36: MALANG | Q36: 34871 | R36: =DATEDIF(Q36,$A$3,"Y") -> 25 | S36: =DATEDIF(Q36,$A$3,"YM") -> 6 | T36: S1 | U36: MANAJEMEN | V36: AB | W36: TK/0 | AI36: 3507056106950003 | AJ36: JL. WERKUDORO RT/RW 004/013 DAMPIT, MALANG | AK36: JL. WERKUDORO RT/RW 004/013 DAMPIT, MALANG | AO36: 081259483855 | AP36: ONIS NABILLA NIRMALA SARI | AR36: MANDIRI | AS36: MALANG - KCP SUPRAPTO | AT36: onisnabila@gmail.com
A37: 26 | B37: =NIK!$B$119 -> 9919120071 | C37: RIZKY NUR OKTAVIANI | D37: ADMIN MARKETING | E37: KONTRAK | F37: 43820 | G37: 43820 | J37: =DATEDIF(F37,$A$3,"Y") -> 1 | K37: =DATEDIF(F37,$A$3,"YM") -> 0 | N37: P | O37: ISLAM | P37: MALANG | Q37: 34614 | R37: =DATEDIF(Q37,$A$3,"Y") -> 26 | S37: =DATEDIF(Q37,$A$3,"YM") -> 2 | T37: S1 | U37: PENDIDIKAN BAHASA INGGRIS | W37: TK/0 | AI37: 3507184710940002 | AJ37: JL RAYA SEKARPURO 71 RT/RW 018/006 SEKARPURO, | AK37: JL RAYA SEKARPURO 71 RT/RW 018/006 SEKARPURO, | AO37: 082232495051 | AP37: RIZKY NUR OKTAVIANI | AR37: MANDIRI | AS37: MALANG - KCP SUPRAPTO | AT37: kikinur00@gmail.com
A38: 27 | B38: =NIK!$B$120 -> 9919120072 | C38: FARHAN AFIF MUADHOM | D38: ACCOUNTING | E38: KONTRAK | F38: 43823 | G38: 43823 | J38: =DATEDIF(F38,$A$3,"Y") -> 1 | K38: =DATEDIF(F38,$A$3,"YM") -> 0 | N38: L | O38: ISLAM | P38: MALANG | Q38: 35506 | R38: =DATEDIF(Q38,$A$3,"Y") -> 23 | S38: =DATEDIF(Q38,$A$3,"YM") -> 9 | T38: S1 | U38: AKUNTANSI | W38: TK/0 | AI38: 3572011703970002 | AJ38: JL. TIDAR NO 179 C RT 4 RW 4 KAUMAN KEPANJEN KIDUL BLITAR | AK38: JL CANDI BADUT 15 MOJOLANGU LOWOKWARU | AO38: 089680613107 | AP38: FARHAN AFIF MUADHOM | AR38: MANDIRI | AS38: MALANG - KCP SUPRAPTO | AT38: fourhanz.acc@gmail.com
A39: 28 | B39: =NIK!B121 -> 9919120073 | C39: RANGGA CHRISMA PUTRA | D39: GA | E39: KONTRAK | F39: 43823 | G39: 43823 | J39: =DATEDIF(F39,$A$3,"Y") -> 1 | K39: =DATEDIF(F39,$A$3,"YM") -> 0 | N39: L | O39: KRISTEN | P39: MALANG | Q39: 35059 | R39: =DATEDIF(Q39,$A$3,"Y") -> 25 | S39: =DATEDIF(Q39,$A$3,"YM") -> 0 | T39: S1 | U39: TEKNIK SIPIL DAN BANGUNAN | W39: TK/0 | AI39: 3573042612950004 | AJ39: JL. S.SUPRIADI VI/2964 RT 010 RW 006 SUKUN | AK39: JL. S.SUPRIADI VI/2964 RT 010 RW 006 SUKUN | AO39: 081336469038 | AP39: RANGGA CHRISMA PUTRA | AR39: MANDIRI | AS39: MALANG - KCP SUPRAPTO | AT39: ranggachrismaputra@gmsil.com
A40: 29 | B40: =NIK!B122 -> 9919120074 | C40: ZAINUL FANANI | D40: SECURITY | E40: KONTRAK | F40: 43823 | G40: 43823 | J40: =DATEDIF(F40,$A$3,"Y") -> 1 | K40: =DATEDIF(F40,$A$3,"YM") -> 0 | N40: L | O40: ISLAM | P40: MALANG | Q40: 27623 | R40: =DATEDIF(Q40,$A$3,"Y") -> 45 | S40: =DATEDIF(Q40,$A$3,"YM") -> 4 | T40: SMK | U40: MESIN OTOMOTIF | V40: B | W40: TK/0 | AI40: 3507221708750002 | AJ40: DSN SUMBERJO RT 006 RW 002 DAU, MALANG | AK40: DSN SUMBERJO RT 006 RW 002 DAU, MALANG | AO40: 08983480999 | AP40: ZAINUL FANANI | AR40: MANDIRI | AS40: MALANG - KCP SUPRAPTO
A41: 30 | B41: =NIK!B123 -> 9919120075 | C41: TOTOK MOEJIONO | D41: SECURITY | E41: KONTRAK | F41: 43823 | G41: 43823 | J41: =DATEDIF(F41,$A$3,"Y") -> 1 | K41: =DATEDIF(F41,$A$3,"YM") -> 0 | N41: L | O41: ISLAM | P41: MALANG | Q41: 27948 | R41: =DATEDIF(Q41,$A$3,"Y") -> 44 | S41: =DATEDIF(Q41,$A$3,"YM") -> 5 | T41: SMK | W41: TK/0 | AI41: 3573042707760001 | AJ41: GADANG 21C/24 RT 006 RW 004 GADANG SUKUN | AK41: GADANG 21C/24 RT 006 RW 004 GADANG SUKUN | AO41: 089688037798 | AP41: TOTOK MOEJIONO | AR41: MANDIRI | AS41: MALANG - KCP SUPRAPTO
A42: 31 | B42: =NIK!B124 -> 9919120076 | C42: YESI SILVIANA ENGGAR N | D42: CUSTOMER CARE | E42: KONTRAK | F42: 43824 | G42: 43824 | J42: =DATEDIF(F42,$A$3,"Y") -> 1 | K42: =DATEDIF(F42,$A$3,"YM") -> 0 | N42: P | O42: ISLAM | P42: MALANG | Q42: 34004 | R42: =DATEDIF(Q42,$A$3,"Y") -> 27 | S42: =DATEDIF(Q42,$A$3,"YM") -> 11 | T42: S1 | U42: PGSD | W42: TK/0 | AI42: 3521064402930001 | AJ42: BUDUG, RT/RW 013/005 KWADUNGAN, NGAWI | AK42: BUDUG, RT/RW 013/005 KWADUNGAN, NGAWI | AO42: 082228332766 | AP42: YESI SILVIANA ENGGAR N | AR42: MANDIRI | AS42: MALANG - KCP SUPRAPTO | AT42: YESISISILVIANA4@GMAIL.COM
A43: PACKING
A44: 32 | B44: 9918040001 | C44: CITRA DWI MURDIYANTI | D44: KORLAP | E44: KONTRAK | F44: 43202 | G44: 43202 | H44: 43567 | J44: =DATEDIF(F44,$A$3,"Y") -> 2 | K44: =DATEDIF(F44,$A$3,"YM") -> 8 | N44: P | O44: ISLAM | P44: MALANG | Q44: 33622 | R44: =DATEDIF(Q44,$A$3,"Y") -> 28 | S44: =DATEDIF(Q44,$A$3,"YM") -> 11 | T44: SMK | U44: APK | V44: B | W44: K/1 | X44: RIFA'I SUNETH | Y44: 32043 | Z44: MUHAMMAD AL-AFZAN SUNETH | AA44: 40734 | AB44: =DATEDIF(AA44,$A$3,"Y") -> 9 | AC44: - | AD44: - | AE44: - | AI44: 3573015901920008 | AJ44: PURI CEMPAKA PUTIH 3 BG 11 RT.05 RW.06 - MALANG | AK44: JL. MASJID NO. 22 KLAGEN TAJINAN - MALANG | AN44: - | AO44: 081334178380 | AP44: CITRA DWI MURDIYANTI | AQ44: 144-00-1646938-6 | AR44: MANDIRI | AS44: MALANG - KCP SUPRAPTO | AT44: citradwimurdiyanti19@gmail.com
A45: 33 | B45: 9919090043 | C45: EKA MEINAL FITRI | D45: PIC STOCK / HEAD PACKING | E45: KONTRAK | F45: 43715 | G45: 43715 | J45: =DATEDIF(F45,$A$3,"Y") -> 1 | K45: =DATEDIF(F45,$A$3,"YM") -> 3 | N45: P | O45: ISLAM | P45: MALANG | Q45: 35575 | R45: =DATEDIF(Q45,$A$3,"Y") -> 23 | S45: =DATEDIF(Q45,$A$3,"YM") -> 7 | T45: S1 | U45: EKONOMI PEMBANGUNAN | V45: - | W45: TK/0 | X45: - | Y45: - | Z45: - | AA45: - | AB45: - | AC45: - | AD45: - | AE45: - | AI45: 3507056505970004 | AJ45: JL POLAMAN RT/RW 007/014 DAMPIT MALANG | AK45: JL POLAMAN RT/RW 007/014 DAMPIT MALANG | AO45: 085536490517 | AP45: EKA MEINAL FITRI | AQ45: 144-00-1883076-7 | AR45: MANDIRI | AS45: MALANG - KCP SUPRAPTO
A46: 34 | B46: 9918040004 | C46: RIZHALDI ADHITYA | D46: SPV KEMASAN | E46: KONTRAK | F46: 43635 | G46: 43635 | J46: =DATEDIF(F46,$A$3,"Y") -> 1 | K46: =DATEDIF(F46,$A$3,"YM") -> 6 | N46: L | O46: ISLAM | P46: MALANG | Q46: 34991 | R46: =DATEDIF(Q46,$A$3,"Y") -> 25 | S46: =DATEDIF(Q46,$A$3,"YM") -> 2 | T46: SMK | U46: MULTIMEDIA | V46: O | W46: TK/0 | AI46: 3573041910950004 | AJ46: JL. IR RAIS I/42 RT.04 RW.02 MALANG | AK46: JL. IR RAIS I/42 RT.04 RW.02 MALANG | AN46: - | AO46: 082245659840 | AP46: RIZHALDI ADHITYA | AQ46: 144-00-1658954-8 | AR46: MANDIRI | AS46: MALANG - KCP SUPRAPTO | AT46: rizhaladit@gmail.com
A47: 35 | B47: 9919040017 | C47: RIMA RAHMAWATI | D47: STAFF PACKING | E47: KONTRAK | F47: 43556 | G47: 43556 | J47: =DATEDIF(F47,$A$3,"Y") -> 1 | K47: =DATEDIF(F47,$A$3,"YM") -> 9 | N47: P | O47: ISLAM | P47: MALANG | Q47: 34781 | R47: =DATEDIF(Q47,$A$3,"Y") -> 25 | S47: =DATEDIF(Q47,$A$3,"YM") -> 9 | T47: SMK | U47: AKUNTANSI | V47: - | W47: TK/0 | AI47: 3573046303950002 | AJ47: JL GADANG XB /29 RT 04/RW 05 | AK47: JL GADANG XB /29 RT 04/RW 05 | AN47: - | AO47: 081216056717 | AP47: RIMA RAHMAWATI | AQ47: 144-00-1836298-5 | AR47: MANDIRI | AS47: MALANG - KCP SUPRAPTO | AT47: rimarahmawati806@gmail.com
A48: 36 | B48: 9918040014 | C48: IMELDA SUNETH | D48: STAFF PACKING | E48: KONTRAK | F48: 43202 | G48: 43202 | H48: 43567 | J48: =DATEDIF(F48,$A$3,"Y") -> 2 | K48: =DATEDIF(F48,$A$3,"YM") -> 8 | N48: P | O48: ISLAM | P48: WAKAL | Q48: 31591 | R48: =DATEDIF(Q48,$A$3,"Y") -> 34 | S48: =DATEDIF(Q48,$A$3,"YM") -> 6 | T48: SMK | U48: AKUNTANSI | V48: - | W48: TK/0 | X48: - | Y48: - | Z48: - | AA48: - | AB48: - | AC48: - | AD48: - | AE48: - | AI48: 8101156806860002 | AJ48: WIK GANEMO - WAKAL KEC. LEIHITU | AK48: JL. MASJID RT.05 RW.03 KLAGEN, TAJINAN - MALANG | AN48: - | AO48: 081391122559 | AP48: IMELDA SUNETH | AQ48: 144-00-1653065-8 | AR48: MANDIRI | AS48: MALANG - KCP SUPRAPTO | AT48: -
A49: 37 | B49: 9918040015 | C49: IRANING RAHAYU | D49: STAFF PACKING | E49: KONTRAK | F49: 43202 | G49: 43202 | H49: 43567 | J49: =DATEDIF(F49,$A$3,"Y") -> 2 | K49: =DATEDIF(F49,$A$3,"YM") -> 8 | N49: P | O49: ISLAM | P49: MALANG | Q49: 31895 | R49: =DATEDIF(Q49,$A$3,"Y") -> 33 | S49: =DATEDIF(Q49,$A$3,"YM") -> 8 | T49: SMP | U49: - | V49: - | W49: K/1 | X49: MOCH. FAUJI | Y49: 29878 | Z49: NAILA FAUZIATUROHMA | AA49: 39899 | AB49: =DATEDIF(AA49,$A$3,"Y") -> 11 | AC49: - | AD49: - | AE49: - | AI49: 3507156503870001 | AJ49: JL. RADEN SALEH DSN PABRIAN RT.15/RW.03 BULULAWANG | AK49: JL. RADEN SALEH DSN PABRIAN RT.15/RW.03 BULULAWANG | AN49: - | AO49: 085646326911 | AP49: IRANING RAHAYU | AQ49: 144-00-1646944-4 | AR49: MANDIRI | AS49: MALANG - KCP SUPRAPTO | AT49: -
A50: 38 | B50: 9918040018 | C50: NUR HALIMAH | D50: STAFF PACKING | E50: KONTRAK | F50: 43202 | G50: 43202 | H50: 43567 | J50: =DATEDIF(F50,$A$3,"Y") -> 2 | K50: =DATEDIF(F50,$A$3,"YM") -> 8 | N50: P | O50: ISLAM | P50: MALANG | Q50: 34105 | R50: =DATEDIF(Q50,$A$3,"Y") -> 27 | S50: =DATEDIF(Q50,$A$3,"YM") -> 7 | T50: SD | U50: - | V50: B | W50: K/1 | X50: AHMAD JAENURI | Y50: 31029 | Z50: MOCH. NIZAM ZULFIKAR | AA50: 40959 | AB50: =DATEDIF(AA50,$A$3,"Y") -> 8 | AC50: - | AD50: - | AE50: - | AI50: 3573035605930008 | AJ50: JL. KALIANYAR RT.04/RW.01 WONOKOYO | AK50: JL. KH. MALIK DALAM RT.03/RW.04, BURING | AN50: - | AO50: 085853508699 | AP50: NUR HALIMAH | AQ50: 144-00-1646932-9 | AR50: MANDIRI | AS50: MALANG - KCP SUPRAPTO | AT50: -
A51: 39 | B51: 9918040019 | C51: RISA WULANDARI | D51: STAFF PACKING | E51: KONTRAK | F51: 43202 | G51: 43202 | H51: 43567 | J51: =DATEDIF(F51,$A$3,"Y") -> 2 | K51: =DATEDIF(F51,$A$3,"YM") -> 8 | N51: P | O51: ISLAM | P51: MALANG | Q51: 31305 | R51: =DATEDIF(Q51,$A$3,"Y") -> 35 | S51: =DATEDIF(Q51,$A$3,"YM") -> 3 | T51: SMA | U51: IPA | V51: - | W51: TK/1 | X51: SUEB | Y51: 28085 | Z51: NABILA WIDYA SAFIRA | AA51: 39614 | AB51: =DATEDIF(AA51,$A$3,"Y") -> 12 | AC51: - | AD51: - | AE51: - | AI51: 3507155509850001 | AJ51: JL. MASJID NO 29 RT.05/RW.03 TAJINAN | AK51: JL. MASJID NO 29 RT.05/RW.03 TAJINAN | AN51: - | AO51: 081334767844 | AP51: RISA WULANDARI | AQ51: 144-00-1646923-8 | AR51: MANDIRI | AS51: MALANG - KCP SUPRAPTO | AT51: -
A52: 40 | B52: 9918040020 | C52: MAULIANA | D52: PIC QC | E52: KONTRAK | F52: 43202 | G52: 43202 | H52: 43567 | J52: =DATEDIF(F52,$A$3,"Y") -> 2 | K52: =DATEDIF(F52,$A$3,"YM") -> 8 | N52: P | O52: ISLAM | P52: MALANG | Q52: 37047 | R52: =DATEDIF(Q52,$A$3,"Y") -> 19 | S52: =DATEDIF(Q52,$A$3,"YM") -> 7 | T52: SD | U52: - | V52: O | W52: TK/0 | X52: - | Y52: - | Z52: - | AA52: - | AB52: - | AC52: - | AD52: - | AE52: - | AI52: - | AJ52: JL. KH. MALIK DALAM BURING | AK52: JL. KH. MALIK DALAM BURING | AN52: - | AO52: 089649999391 | AP52: MAULIANA | AQ52: 144-00-1646943-6 | AR52: MANDIRI | AS52: MALANG - KCP SUPRAPTO | AT52: -
A53: 41 | B53: 9918040021 | C53: AHMAD MIFTACHUL ULUM | D53: PIC KEMASAN KELUAR | E53: KONTRAK | F53: 43202 | G53: 43202 | H53: 43567 | J53: =DATEDIF(F53,$A$3,"Y") -> 2 | K53: =DATEDIF(F53,$A$3,"YM") -> 8 | N53: L | O53: ISLAM | P53: MALANG | Q53: 35595 | R53: =DATEDIF(Q53,$A$3,"Y") -> 23 | S53: =DATEDIF(Q53,$A$3,"YM") -> 6 | T53: SMK | U53: KIMIA INDUSTRI | V53: - | W53: TK/0 | X53: - | Y53: - | Z53: - | AA53: - | AB53: - | AC53: - | AD53: - | AE53: - | AI53: 3507171406970001 | AJ53: JL. BRAWIJAYA KEPUH RT.44/RW.11 SUKOPURO - JABUNG | AK53: JL. BRAWIJAYA KEPUH RT.44/RW.11 SUKOPURO - JABUNG | AN53: - | AO53: 085881092663 | AP53: AHMAD MIFTAHUL ULUM | AQ53: 144-00-1735805-9 | AR53: MANDIRI | AS53: MALANG - KCP SUPRAPTO | AT53: ahmadulum207@gmail.com
A54: 42 | B54: 9918040022 | C54: NOFITASARI | D54: STAFF PACKING | E54: KONTRAK | F54: 43202 | G54: 43202 | H54: 43567 | J54: =DATEDIF(F54,$A$3,"Y") -> 2 | K54: =DATEDIF(F54,$A$3,"YM") -> 8 | N54: P | O54: ISLAM | P54: MALANG | Q54: 35068 | R54: =DATEDIF(Q54,$A$3,"Y") -> 25 | S54: =DATEDIF(Q54,$A$3,"YM") -> 0 | T54: SMP | U54: - | V54: O | W54: TK/0 | X54: - | Y54: - | Z54: - | AA54: - | AB54: - | AC54: - | AD54: - | AE54: - | AI54: 3507184401960005 | AJ54: DSN COKRO RT.04/RW.02 SUKOANYAR PAKIS | AK54: DSN COKRO RT.04/RW.02 SUKOANYAR PAKIS | AN54: - | AO54: 085755763644 | AP54: NOFITA SARI | AQ54: 144-00-1735733-3 | AR54: MANDIRI | AS54: MALANG - KCP SUPRAPTO
A55: 43 | B55: 9918040025 | C55: RIASULIS TIANING | D55: STAFF PACKING | E55: KONTRAK | F55: 43202 | G55: 43202 | H55: 43567 | J55: =DATEDIF(F55,$A$3,"Y") -> 2 | K55: =DATEDIF(F55,$A$3,"YM") -> 8 | N55: P | O55: ISLAM | P55: MALANG | Q55: 34056 | R55: =DATEDIF(Q55,$A$3,"Y") -> 27 | S55: =DATEDIF(Q55,$A$3,"YM") -> 9 | T55: SMP | U55: - | V55: - | W55: K/0 | X55: AHMAD ARDIANTO | Y55: 33005 | Z55: - | AA55: - | AB55: - | AC55: - | AD55: - | AE55: - | AI55: 3507185503930001 | AJ55: DUSUN KARANGNONGKO RT.01/RW.01 DESA PUCANG SONGO - PAKIS | AK55: DUSUN KARANGNONGKO RT.01/RW.01 DESA PUCANG SONGO - PAKIS | AN55: - | AO55: 083848371870 | AP55: RIASULIS TIANING | AQ55: 144-00-1653063-3 | AR55: MANDIRI | AS55: MALANG - KCP SUPRAPTO
A56: 44 | B56: 9918080036 | C56: USMAN AINUR RIZKY | D56: BARCODE | E56: KONTRAK | F56: 43330 | G56: 43330 | J56: =DATEDIF(F56,$A$3,"Y") -> 2 | K56: =DATEDIF(F56,$A$3,"YM") -> 4 | N56: L | O56: ISLAM | P56: MALANG | Q56: 36332 | R56: =DATEDIF(Q56,$A$3,"Y") -> 21 | S56: =DATEDIF(Q56,$A$3,"YM") -> 6 | T56: SMA | U56: - | V56: - | W56: TK/0 | X56: - | Y56: - | Z56: - | AA56: - | AB56: - | AC56: - | AD56: - | AE56: - | AI56: 3507092106990007 | AJ56: JL KH HASYIM ASYARI006/002 SANAN REJO | AK56: JL KH HASYIM ASYARI006/002 SANAN REJO | AN56: - | AO56: 085804574321 | AP56: USMAN AINUR RIZKY | AQ56: 144-00-1780233-8 | AR56: MANDIRI | AS56: MALANG - KCP SUPRAPTO
A57: 45 | B57: 9918100039 | C57: SLAMET ARISUSANTO | D57: GUDANG | E57: KONTRAK | F57: 43398 | G57: 43398 | J57: =DATEDIF(F57,$A$3,"Y") -> 2 | K57: =DATEDIF(F57,$A$3,"YM") -> 2 | N57: L | O57: ISLAM | P57: MALANG | Q57: 32168 | R57: =DATEDIF(Q57,$A$3,"Y") -> 32 | S57: =DATEDIF(Q57,$A$3,"YM") -> 11 | T57: SMA | U57: - | V57: - | W57: K/1 | X57: WINDIAWATI | Y57: 34974 | Z57: - | AA57: - | AB57: - | AC57: - | AD57: - | AE57: - | AI57: 3507272601880001 | AJ57: JL KEPUH VI A / 35 RT/RW 004/005 BANDUNG REJOSARI | AK57: JL KEPUH VI A / 35 RT/RW 004/005 BANDUNG REJOSARI | AN57: - | AO57: 085736079524 | AP57: SLAMET ARISUSANTO | AQ57: 144-00-1787709-0 | AR57: MANDIRI | AS57: MALANG - KCP SUPRAPTO
A58: 46 | B58: 9918120041 | C58: MUHAMMAD NUR SHODIQ | D58: GUDANG | E58: KONTRAK | F58: 43435 | G58: 43435 | J58: =DATEDIF(F58,$A$3,"Y") -> 2 | K58: =DATEDIF(F58,$A$3,"YM") -> 1 | N58: L | O58: ISLAM | P58: BOJONEGORO | Q58: 35297 | R58: =DATEDIF(Q58,$A$3,"Y") -> 24 | S58: =DATEDIF(Q58,$A$3,"YM") -> 4 | T58: SMA | U58: - | V58: - | W58: TK/0 | X58: - | Y58: - | Z58: - | AA58: - | AB58: - | AC58: - | AD58: - | AE58: - | AJ58: JL. ARGOPURO KECAMATAN LAWANG RT.03/RW.08 - LAWANG | AK58: JL. ARGOPURO KECAMATAN LAWANG RT.03/RW.08 - LAWANG | AN58: - | AO58: 085791990276 | AP58: MUHAMMAD NUR SHODIQ | AQ58: 144-00-1799365-7 | AR58: MANDIRI | AS58: MALANG - KCP SUPRAPTO
A59: 47 | B59: 9919010007 | C59: SURYA ADI YAHYA | D59: CODDING | E59: KONTRAK | F59: 43474 | G59: 43474 | J59: =DATEDIF(F59,$A$3,"Y") -> 1 | K59: =DATEDIF(F59,$A$3,"YM") -> 11 | N59: L | O59: ISLAM | P59: MALANG | Q59: 35122 | R59: =DATEDIF(Q59,$A$3,"Y") -> 24 | S59: =DATEDIF(Q59,$A$3,"YM") -> 10 | T59: SMK | U59: OTOMOTIF | V59: - | W59: TK/0 | X59: - | Y59: - | Z59: - | AA59: - | AB59: - | AC59: - | AD59: - | AE59: - | AI59: 35072427022960003 | AJ59: PRODO RT.02/RW.07 KLAMPOK - SINGOSARI | AK59: PRODO RT.02/RW.07 KLAMPOK - SINGOSARI | AN59: - | AO59: 085746965895 | AP59: SURYA ADI YAHYA | AQ59: 144-00-1811575-5 | AR59: MANDIRI | AS59: MALANG - KCP SUPRAPTO
A60: 48 | B60: 9919010008 | C60: MOCHAMMAD BAGUS FEBRIYANTO | D60: CODDING | E60: KONTRAK | F60: 43475 | G60: 43475 | J60: =DATEDIF(F60,$A$3,"Y") -> 1 | K60: =DATEDIF(F60,$A$3,"YM") -> 11 | N60: L | O60: ISLAM | P60: MALANG | Q60: 35692 | R60: =DATEDIF(Q60,$A$3,"Y") -> 23 | S60: =DATEDIF(Q60,$A$3,"YM") -> 3 | T60: SMK | U60: TI | V60: - | W60: TK/0 | X60: - | Y60: - | Z60: - | AA60: - | AB60: - | AC60: - | AD60: - | AE60: - | AI60: 3573051111970002 | AJ60: JL. IKAN GURAMI II/22 RT.04/RW.06 TUNJUNGSEKAR - LOWOKWARU | AK60: JL. IKAN GURAMI II/22 RT.04/RW.06 TUNJUNGSEKAR - LOWOKWARU | AN60: - | AO60: 085230974949 | AP60: MOCHAMMAD BAGUS FEBRIYANTO | AQ60: 144-00-1811570-6 | AR60: MANDIRI | AS60: MALANG - KCP SUPRAPTO
A61: 49 | B61: 9919010009 | C61: PUTRI SILVIA ERVANI | D61: STAFF PACKING | E61: KONTRAK | F61: 43481 | G61: 43481 | J61: =DATEDIF(F61,$A$3,"Y") -> 1 | K61: =DATEDIF(F61,$A$3,"YM") -> 11 | N61: P | O61: ISLAM | P61: MALANG | Q61: 35716 | R61: =DATEDIF(Q61,$A$3,"Y") -> 23 | S61: =DATEDIF(Q61,$A$3,"YM") -> 2 | T61: SMA | U61: IPA | V61: - | W61: TK/0 | X61: - | Y61: - | Z61: - | AA61: - | AB61: - | AC61: - | AD61: - | AE61: - | AI61: 3507185310970003 | AJ61: DSN TERONGDOWO RT.04/RW.12 TIRTOMOYO - PAKIS | AK61: DSN TERONGDOWO RT.04/RW.12 TIRTOMOYO - PAKIS | AN61: - | AO61: 085850389180 | AP61: PUTRI SILVIA ERVANI | AQ61: 144-00-1811484-0 | AR61: MANDIRI | AS61: MALANG - KCP SUPRAPTO
A62: 50 | B62: 9919060023 | C62: NURUL KOMARIYAH | D62: STAFF PACKING | E62: KONTRAK | F62: 43637 | G62: 43637 | J62: =DATEDIF(F62,$A$3,"Y") -> 1 | K62: =DATEDIF(F62,$A$3,"YM") -> 6 | N62: P | O62: ISLAM | P62: MALANG | Q62: 35963 | R62: =DATEDIF(Q62,$A$3,"Y") -> 22 | S62: =DATEDIF(Q62,$A$3,"YM") -> 6 | T62: SMK | U62: TKJ | V62: B | W62: TK/0 | X62: - | Y62: - | Z62: - | AA62: - | AB62: - | AC62: - | AD62: - | AE62: - | AF62: - | AG62: - | AH62: - | AI62: 3573035706980003 | AJ62: JL KI AGENG GRIBIG VI / 10 RT RW 005/002 LESANPURO KEDUNG KANDANG | AK62: JL KI AGENG GRIBIG VI / 10 RT RW 005/002 LESANPURO KEDUNG KANDANG | AO62: 085759643083 | AP62: NURUL KOMARIYAH | AQ62: 144-00-1856940-7 | AR62: MANDIRI | AS62: MALANG - KCP SUPRAPTO
A63: 51 | B63: 9919060025 | C63: NURUL ULANDARI | D63: STAFF PACKING | E63: KONTRAK | F63: 43643 | G63: 43643 | J63: =DATEDIF(F63,$A$3,"Y") -> 1 | K63: =DATEDIF(F63,$A$3,"YM") -> 6 | N63: P | O63: ISLAM | P63: MALANG | Q63: 34527 | R63: =DATEDIF(Q63,$A$3,"Y") -> 26 | S63: =DATEDIF(Q63,$A$3,"YM") -> 5 | T63: SMA | U63: - | W63: K/1 | X63: EKO WINARTO | Y63: 30882 | Z63: ALEA SYAKIRA AHILZHAH | AA63: 43022 | AB63: =DATEDIF(AA63,$A$3,"Y") -> 3 | AC63: - | AD63: - | AE63: - | AF63: - | AG63: - | AH63: - | AI63: 3573035207940005 | AJ63: JL IR H JUANDA I / 1988 RT 04 RW 02 JODIPAN | AK63: JL IR H JUANDA I / 1988 RT 04 RW 02 JODIPAN | AO63: 083834565210 | AP63: NURUL ULANDARI | AQ63: 144-00-1859542-8 | AR63: MANDIRI | AS63: MALANG - KCP SUPRAPTO
A64: 52 | B64: 9919060026 | C64: TRESIA WIJAYA | D64: SPV BARANG JADI | E64: KONTRAK | F64: 43643 | G64: 43643 | J64: =DATEDIF(F64,$A$3,"Y") -> 1 | K64: =DATEDIF(F64,$A$3,"YM") -> 6 | N64: P | O64: ISLAM | P64: MALANG | Q64: 35602 | R64: =DATEDIF(Q64,$A$3,"Y") -> 23 | S64: =DATEDIF(Q64,$A$3,"YM") -> 6 | T64: S-1 | U64: AKUNTANSI | W64: TK/0 | X64: - | Y64: - | Z64: - | AA64: - | AB64: - | AC64: - | AD64: - | AE64: - | AF64: - | AG64: - | AH64: - | AI64: 3573036106970005 | AJ64: JL SEMANGGI NO 17 BUMIAYU KEDUNG KANDANG | AK64: JL SEMANGGI NO 17 BUMIAYU KEDUNG KANDANG | AO64: 082334819474 | AP64: TRESIA WIJAYA | AQ64: 144-00-1859539-4 | AR64: MANDIRI | AS64: MALANG - KCP SUPRAPTO
A65: 53 | B65: 9919060027 | C65: RIZKY NURCAHYO | D65: PIC KEMASAN MASUK | E65: KONTRAK | F65: 43643 | G65: 43643 | J65: =DATEDIF(F65,$A$3,"Y") -> 1 | K65: =DATEDIF(F65,$A$3,"YM") -> 6 | N65: L | O65: ISLAM | P65: MALANG | Q65: 32620 | R65: =DATEDIF(Q65,$A$3,"Y") -> 31 | S65: =DATEDIF(Q65,$A$3,"YM") -> 8 | T65: S-1 | U65: EKONOMI | W65: K/1 | X65: IDA AYU WULAN SARI | Y65: 34296 | Z65: - | AA65: - | AB65: - | AC65: - | AD65: - | AE65: - | AF65: - | AG65: - | AH65: - | AI65: 3573052204890002 | AJ65: JL SUMBERSARI V-B/383 MALANG | AK65: JL SUMBERSARI V-B/383 MALANG | AO65: 085815770855 | AP65: RIZKY NURCAHYO | AQ65: 144-00-1859536-0 | AR65: MANDIRI | AS65: MALANG - KCP SUPRAPTO
A66: 54 | B66: 9919070029 | C66: QUROTUL FITRIAH | D66: STAFF PACKING | E66: KONTRAK | F66: 43651 | G66: 43651 | J66: =DATEDIF(F66,$A$3,"Y") -> 1 | K66: =DATEDIF(F66,$A$3,"YM") -> 6 | N66: P | O66: ISLAM | P66: MALANG | Q66: 34447 | R66: =DATEDIF(Q66,$A$3,"Y") -> 26 | S66: =DATEDIF(Q66,$A$3,"YM") -> 8 | T66: SMK | U66: TKJ | W66: TK/0 | X66: - | Y66: - | Z66: - | AA66: - | AB66: - | AC66: - | AD66: - | AE66: - | AF66: - | AG66: - | AH66: - | AI66: 3507176303940002 | AJ66: JL KAMPUNG ANYAR 003 / 001 SUKOLILO JABUNG | AK66: JL KAMPUNG ANYAR 003 / 001 SUKOLILO JABUNG | AO66: 081554272114 | AP66: QUROTUL FITRIAH | AQ66: 144-00-1861637-2 | AR66: MANDIRI | AS66: MALANG - KCP SUPRAPTO
A67: 55 | B67: 9919070030 | C67: NASIRUDDIN | D67: QC KEMASAN | E67: KONTRAK | F67: 43656 | G67: 43656 | J67: =DATEDIF(F67,$A$3,"Y") -> 1 | K67: =DATEDIF(F67,$A$3,"YM") -> 5 | N67: L | O67: ISLAM | P67: PAMEKASAN | Q67: 33241 | R67: =DATEDIF(Q67,$A$3,"Y") -> 30 | S67: =DATEDIF(Q67,$A$3,"YM") -> 0 | T67: SMA | U67: IPA | W67: K/1 | X67: INDAH NUR.A | Y67: 34274 | Z67: ARINDITA EKA PRASISTA | AA67: 43476 | AB67: =DATEDIF(AA67,$A$3,"Y") -> 1 | AC67: - | AD67: - | AE67: - | AF67: - | AG67: - | AH67: - | AI67: 3528050307900003 | AJ67: DSN KEBONKUTO 013/004 SUKODADI WAGIR | AK67: DSN KEBONKUTO 013/004 SUKODADI WAGIR | AO67: 082237636639 | AP67: NASIRUDDIN | AQ67: 144-00-1861641-4 | AR67: MANDIRI | AS67: MALANG - KCP SUPRAPTO
A68: 56 | B68: 9919070031 | C68: ANDRO SETIYO | D68: QC BARANG JADI | E68: KONTRAK | F68: 43656 | G68: 43656 | J68: =DATEDIF(F68,$A$3,"Y") -> 1 | K68: =DATEDIF(F68,$A$3,"YM") -> 5 | N68: L | O68: ISLAM | P68: MALANG | Q68: 33572 | R68: =DATEDIF(Q68,$A$3,"Y") -> 29 | S68: =DATEDIF(Q68,$A$3,"YM") -> 1 | T68: SMK | U68: IPS | W68: K/1 | X68: INDA MARLINA | Y68: 34750 | Z68: AISYAH FITRI ROSELINA | AA68: 43279 | AB68: =DATEDIF(AA68,$A$3,"Y") -> 2 | AC68: - | AD68: - | AE68: - | AF68: - | AG68: - | AH68: - | AI68: 3507183009910002 | AJ68: DSN PIJIOMBO 001/011 WONOSARI | AK68: DSN PIJIOMBO 001/011 WONOSARI | AO68: 083837971287 | AP68: ANDRO SETIYO | AQ68: 144-00-1861648-9 | AR68: MANDIRI | AS68: MALANG - KCP SUPRAPTO
A69: 57 | B69: 9919070032 | C69: EKO GALIH W | D69: CODDING | E69: KONTRAK | F69: 43656 | G69: 43656 | J69: =DATEDIF(F69,$A$3,"Y") -> 1 | K69: =DATEDIF(F69,$A$3,"YM") -> 5 | N69: L | O69: ISLAM | P69: MALANG | Q69: 35573 | R69: =DATEDIF(Q69,$A$3,"Y") -> 23 | S69: =DATEDIF(Q69,$A$3,"YM") -> 7 | T69: SMK | U69: ANIMASI | V69: O | W69: TK/0 | X69: - | Y69: - | Z69: - | AA69: - | AB69: - | AC69: - | AD69: - | AE69: - | AF69: - | AG69: - | AH69: - | AI69: 3507182305970002 | AJ69: SINDUREJO 004/003 BANJAREJO | AK69: SINDUREJO 004/003 BANJAREJO | AO69: 082232716259 | AP69: EKO GALIH W | AQ69: 144-00-1861646-3 | AR69: MANDIRI | AS69: MALANG - KCP SUPRAPTO
A70: 58 | B70: 9919070033 | C70: MAS'UD DIANTONI R | D70: QC KEMASAN | E70: KONTRAK | F70: 43656 | G70: 43656 | J70: =DATEDIF(F70,$A$3,"Y") -> 1 | K70: =DATEDIF(F70,$A$3,"YM") -> 5 | N70: L | O70: ISLAM | P70: MALANG | Q70: 33363 | R70: =DATEDIF(Q70,$A$3,"Y") -> 29 | S70: =DATEDIF(Q70,$A$3,"YM") -> 8 | T70: SMK | U70: PERMESINAN | W70: K/1 | X70: ISROTUL MUFIDAH | Y70: 33257 | Z70: AZURA JASMINE PUTRI R | AA70: 42535 | AB70: =DATEDIF(AA70,$A$3,"Y") -> 4 | AC70: - | AD70: - | AE70: - | AF70: - | AG70: - | AH70: - | AI70: 3507150505910002 | AJ70: DUSUN KRAJAN 018/004 JATISARI TAJINAN | AK70: DUSUN KRAJAN 018/004 JATISARI TAJINAN | AO70: 082301916818 | AP70: MAS'UD DIANTONI R | AQ70: 144-00-1861650-5 | AR70: MANDIRI | AS70: MALANG - KCP SUPRAPTO
A71: 59 | B71: 9919070034 | C71: SITI KHOIROTUL M | D71: STAFF PACKING | E71: KONTRAK | F71: 43656 | G71: 43656 | J71: =DATEDIF(F71,$A$3,"Y") -> 1 | K71: =DATEDIF(F71,$A$3,"YM") -> 5 | N71: P | O71: ISLAM | P71: MALANG | Q71: 35973 | R71: =DATEDIF(Q71,$A$3,"Y") -> 22 | S71: =DATEDIF(Q71,$A$3,"YM") -> 6 | T71: SMK | U71: TKJ | V71: O | W71: TK/0 | X71: - | Y71: - | Z71: - | AA71: - | AB71: - | AC71: - | AD71: - | AE71: - | AF71: - | AG71: - | AH71: - | AI71: 3507166706990001 | AJ71: DUSUN GLANGGANG 024 / 008 SLAMET TUMPANG | AK71: DUSUN GLANGGANG 024 / 008 SLAMET TUMPANG | AO71: 082248969933 | AP71: SITI KHOIRITUL M | AQ71: 144-00-1861652-1 | AR71: MANDIRI | AS71: MALANG - KCP SUPRAPTO
A72: 60 | B72: 9919070035 | C72: RIBUT PURNOMO | D72: QUALITY CONTROL | E72: KONTRAK | F72: 43668 | G72: 43668 | J72: =DATEDIF(F72,$A$3,"Y") -> 1 | K72: =DATEDIF(F72,$A$3,"YM") -> 5 | N72: L | O72: ISLAM | P72: MALANG | Q72: 33288 | R72: =DATEDIF(Q72,$A$3,"Y") -> 29 | S72: =DATEDIF(Q72,$A$3,"YM") -> 10 | T72: SMA | V72: B | W72: K/1 | X72: PUTRI SUKMA | Y72: - | Z72: - | AA72: - | AB72: - | AC72: - | AD72: - | AE72: - | AF72: - | AG72: - | AH72: - | AI72: 3573031902910002 | AJ72: LESANPURO XII 005/009 LESANPURO KEDUNG KANDANG | AK72: LESANPURO XII 005/009 LESANPURO KEDUNG KANDANG | AO72: 083839611906 | AP72: RIBUT PURNOMO | AQ72: 144-00-1867410-8 | AR72: MANDIRI | AS72: MALANG - KCP SUPRAPTO
A73: 61 | B73: 9919080040 | C73: AYU GUSTIKA | D73: STAFF PACKING | E73: KONTRAK | F73: 43684 | G73: 43684 | J73: =DATEDIF(F73,$A$3,"Y") -> 1 | K73: =DATEDIF(F73,$A$3,"YM") -> 4 | N73: P | O73: ISLAM | P73: JOMBANG | Q73: 35051 | R73: =DATEDIF(Q73,$A$3,"Y") -> 25 | S73: =DATEDIF(Q73,$A$3,"YM") -> 0 | T73: SMK | V73: AB | W73: TK/0 | X73: - | Y73: - | Z73: - | AA73: - | AB73: - | AC73: - | AD73: - | AE73: - | AF73: - | AG73: - | AH73: - | AI73: 3573045812950004 | AJ73: JL KWOKA BLOK Q26 004/007 KARANGBESUKI SUKUN | AK73: JL KWOKA BLOK Q26 004/007 KARANGBESUKI SUKUN | AO73: 082264353038 | AP73: AYU GUSTIKA | AQ73: 144-00-1869976-6 | AR73: MANDIRI | AS73: MALANG - KCP SUPRAPTO
A74: 62 | B74: 9919080041 | C74: DICKY GUNTUR ARFANDI | D74: BARCODE | E74: KONTRAK | F74: 43689 | G74: 43689 | J74: =DATEDIF(F74,$A$3,"Y") -> 1 | K74: =DATEDIF(F74,$A$3,"YM") -> 4 | N74: L | O74: ISLAM | P74: PASURUAN | Q74: 33128 | R74: =DATEDIF(Q74,$A$3,"Y") -> 30 | S74: =DATEDIF(Q74,$A$3,"YM") -> 3 | T74: D3 | U74: MANAJEMEN INFORMATIKA | V74: B- | W74: K/1 | X74: YUNI ANDRIANI | Y74: 35221 | Z74: EARLYTA ARSYFARINI | AA74: 42553 | AB74: =DATEDIF(AA74,$A$3,"Y") -> 4 | AC74: - | AD74: - | AE74: - | AF74: - | AG74: - | AH74: - | AI74: 3573011209900003 | AJ74: JL HAMID RUSDI TIMUR V /451 BLIMBING MALANG | AK74: JL HAMID RUSDI TIMUR V /451 BLIMBING MALANG | AO74: 081338195482 | AP74: DICKY GUNTUR ARFANDI | AQ74: 144-00-1783066-9 | AR74: MANDIRI | AS74: MALANG - KCP SUPRAPTO
A75: 63 | B75: =NIK!$B$107 -> 9919120059 | C75: JEJEN SOPIANDI | D75: STAF PACKING | E75: KONTRAK | F75: 43809 | G75: 43810 | J75: =DATEDIF(F75,$A$3,"Y") -> 1 | K75: =DATEDIF(F75,$A$3,"YM") -> 0 | N75: L | O75: ISLAM | P75: GARUT | Q75: 32885 | R75: =DATEDIF(Q75,$A$3,"Y") -> 30 | S75: =DATEDIF(Q75,$A$3,"YM") -> 11 | T75: SMA | U75: IPA | V75: O | W75: K/1 | X75: STIK SAPUTRI | Y75: 34237 | Z75: GWEEN VISTA NEBIA W.K | AA75: 43342 | AB75: =DATEDIF(AA75,$A$3,"Y") -> 2 | AC75: - | AD75: - | AE75: - | AF75: - | AG75: - | AH75: - | AI75: 3573011201900005 | AJ75: MENDET BARAT, RT/RW 002/002 MANGLIAWAN PAKIS, MALANG | AK75: MENDET BARAT, RT/RW 002/002 MANGLIAWAN PAKIS, MALANG | AO75: 087757638744 | AP75: JEJEN SOPIANDI | AQ75: 144-00-1908254-1 | AR75: MANDIRI | AS75: MALANG - KCP SUPRAPTO
A76: DRIVER
A77: 64 | B77: 9918040026 | C77: SANTARI | D77: DRIVER | E77: KONTRAK | F77: 43202 | G77: 43202 | H77: 43567 | J77: =DATEDIF(F77,$A$3,"Y") -> 2 | K77: =DATEDIF(F77,$A$3,"YM") -> 8 | N77: L | O77: ISLAM | P77: MALANG | Q77: 23563 | R77: =DATEDIF(Q77,$A$3,"Y") -> 56 | S77: =DATEDIF(Q77,$A$3,"YM") -> 6 | T77: SD | U77: - | V77: - | W77: K/1 | X77: YAYUK | Y77: 25826 | Z77: M. ALDIN RIFANDI | AA77: 36272 | AB77: =DATEDIF(AA77,$A$3,"Y") -> 21 | AC77: - | AF77: - | AG77: - | AH77: - | AI77: 3507220507640001 | AJ77: DUSUN SUMBEREJO RT.04/RW.02 KALISONGO - DAU | AK77: DUSUN SUMBEREJO RT.04/RW.02 KALISONGO - DAU | AN77: - | AO77: - | AP77: SANTARI | AQ77: 144-00-1700690-6 | AR77: MANDIRI | AS77: MALANG - KCP SUPRAPTO | AT77: -
A78: 65 | B78: 9918040028 | C78: SUEB | D78: DRIVER | E78: KONTRAK | F78: 43202 | G78: 43202 | H78: 43567 | J78: =DATEDIF(F78,$A$3,"Y") -> 2 | K78: =DATEDIF(F78,$A$3,"YM") -> 8 | N78: L | O78: ISLAM | P78: BOJONEGORO | Q78: 28085 | R78: =DATEDIF(Q78,$A$3,"Y") -> 44 | S78: =DATEDIF(Q78,$A$3,"YM") -> 1 | T78: SD | U78: - | V78: - | W78: K/1 | X78: DARLINA PUSPITA | Y78: 30726 | Z78: AMELIA PUSPITA SARI | AA78: 39029 | AB78: =DATEDIF(AA78,$A$3,"Y") -> 14 | AC78: - | AF78: - | AG78: - | AH78: - | AI78: 3522092111760001 | AJ78: DS. NGLUMBER RT.05/RW.03 BOJONEGORO | AN78: - | AO78: 081330464949 | AP78: SUEB | AQ78: 144-00-1728679-7 | AR78: MANDIRI | AS78: MALANG - KCP SUPRAPTO | AT78: iwanm85@gmail.com
A79: 66 | B79: 9919050020 | C79: MOCHAMAD NUR | D79: DRIVER | E79: KONTRAK | F79: 43594 | G79: 43594 | J79: =DATEDIF(F79,$A$3,"Y") -> 1 | K79: =DATEDIF(F79,$A$3,"YM") -> 7 | N79: L | O79: ISLAM | P79: MALANG | Q79: 25807 | R79: =DATEDIF(Q79,$A$3,"Y") -> 50 | S79: =DATEDIF(Q79,$A$3,"YM") -> 4 | T79: S1 | U79: EKONOMI MANAGEMEN | V79: O | W79: CERAI | X79: - | Y79: - | Z79: ANNISA NUR FITRIANA | AA79: - | AB79: - | AC79: M.SYARIF | AD79: - | AE79: - | AF79: - | AG79: - | AH79: - | AI79: 3573032708700001 | AJ79: JL MAYJEN SUNGKONO 28 MALANG | AK79: JL MAYJEN SUNGKONO 28 MALANG | AN79: - | AO79: 081352023971 | AP79: MOCHAMAD NUR | AQ79: 144-00-1763944-1 | AR79: MANDIRI | AS79: MALANG - KCP SUPRAPTO | AT79: mnur55789gmail.com
A80: 67 | B80: 9919070036 | C80: MUHAMMAD SOKHIB | D80: DRIVER | E80: KONTRAK | F80: 43668 | G80: 43668 | J80: =DATEDIF(F80,$A$3,"Y") -> 1 | K80: =DATEDIF(F80,$A$3,"YM") -> 5 | N80: L | O80: ISLAM | P80: MALANG | Q80: 34785 | R80: =DATEDIF(Q80,$A$3,"Y") -> 25 | S80: =DATEDIF(Q80,$A$3,"YM") -> 9 | T80: SMK | U80: OTOTRONIK | V80: - | W80: K/1 | X80: CHOMSA RODIAH | Y80: 35411 | Z80: - | AA80: - | AB80: - | AC80: - | AD80: - | AE80: - | AF80: - | AG80: - | AH80: - | AI80: 3507192703950001 | AJ80: JL WATUDAKON 001/005 KENDALPAYAK PAKISAJI | AK80: JL WATUDAKON 001/005 KENDALPAYAK PAKISAJI | AN80: - | AO80: 081353375515 | AP80: MUHAMMAD SOKHIB | AQ80: 144-00-1867414-0 | AR80: MANDIRI | AS80: MALANG - KCP SUPRAPTO
A81: 68 | B81: 9919110051 | C81: LUKY ADI SISWANTO | D81: DRIVER | E81: KONTRAK | F81: 43774 | G81: 43774 | J81: =DATEDIF(F81,$A$3,"Y") -> 1 | K81: =DATEDIF(F81,$A$3,"YM") -> 2 | N81: L | O81: ISLAM | P81: MALANG | Q81: 31396 | R81: =DATEDIF(Q81,$A$3,"Y") -> 35 | S81: =DATEDIF(Q81,$A$3,"YM") -> 0 | T81: SMK | AF81: - | AG81: - | AH81: - | AI81: 3573031512850003 | AJ81: JL. DANAU MANINJAU DALAM 6 BLOK 132/D1, SAWOJAJAR | AK81: JL. DANAU MANINJAU DALAM 6 BLOK 132/D1, SAWOJAJAR | AO81: 082220333013 | AP81: LUCY ADI SISWANTO | AQ81: 144-00-1902484-0 | AR81: MANDIRI | AS81: MALANG - KCP SUPRAPTO
A82: BAGIAN UMUM
A83: 69 | B83: 9919090047 | C83: ANDISTA | D83: TUKANG PARKIR | E83: KONTRAK | F83: 43733 | G83: 43733 | J83: =DATEDIF(F83,$A$3,"Y") -> 1 | K83: =DATEDIF(F83,$A$3,"YM") -> 3 | N83: L | O83: ISLAM | P83: PROBOLINGGO | Q83: 32429 | R83: =DATEDIF(Q83,$A$3,"Y") -> 32 | S83: =DATEDIF(Q83,$A$3,"YM") -> 2 | T83: SLTA | U83: IPA | V83: O | W83: K/1 | X83: ENDANG SETYOWATI | Y83: 33185 | Z83: ADINTA DELISHA ALZAHRA | AA83: 41761 | AB83: =DATEDIF(AA83,$A$3,"Y") -> 6 | AC83: MUHAMMAD AZMI A | AD83: 43674 | AE83: - | AF83: - | AG83: - | AH83: - | AI83: 3513071310880001 | AJ83: JL KI AGENG GRIBIG LESANPURO VI 005/002 KEDUNGKANDANG MALANG | AK83: JL KI AGENG GRIBIG LESANPURO VI 005/002 KEDUNGKANDANG MALANG | AN83: - | AO83: 085226811227 | AP83: ANDISTA | AQ83: 144-00-1883081-7 | AR83: MANDIRI | AS83: MALANG - KCP SUPRAPTO
A84: GUDANG ARAYA
A85: 1 | B85: 9918040010 | C85: SLAMET HADI | D85: KEPALA GUDANG | E85: KONTRAK | F85: 43202 | G85: 43202 | J85: =DATEDIF(F85,$A$3,"Y") -> 2 | K85: =DATEDIF(F85,$A$3,"YM") -> 8 | N85: L | O85: ISLAM | P85: MALANG | Q85: 28657 | R85: =DATEDIF(Q85,$A$3,"Y") -> 42 | S85: =DATEDIF(Q85,$A$3,"YM") -> 6 | T85: SD | U85: - | V85: - | W85: K/2 | X85: DIAH SAFITRI | Z85: MAULIANA | AC85: MUHAMMAD FAJAR | AI85: 3573031606780004 | AJ85: JL. KH MALIK DALAM RT.03/RW.04 - MALANG | AK85: JL. KH MALIK DALAM RT.03/RW.04 - MALANG | AN85: - | AO85: 082233385522 | AP85: SLAMET HADI | AQ85: 144-00-1739417-9 | AR85: MANDIRI | AS85: MALANG - KCP SUPRAPTO | AT85: hh987319@gmail.com
A86: 2 | B86: 9918040024 | C86: FATCHUL AMIN | D86: STAFF PACKING | E86: KONTRAK | F86: 43202 | G86: 43202 | J86: =DATEDIF(F86,$A$3,"Y") -> 2 | K86: =DATEDIF(F86,$A$3,"YM") -> 8 | N86: L | O86: ISLAM | P86: MALANG | Q86: 35463 | R86: =DATEDIF(Q86,$A$3,"Y") -> 23 | S86: =DATEDIF(Q86,$A$3,"YM") -> 11 | T86: MA | U86: IPA | V86: O | W86: TK/0 | AI86: 3507150202970001 | AJ86: TAJINAN RT.05/RW.03 TAJINAN | AK86: TAJINAN RT.05/RW.03 TAJINAN | AN86: - | AO86: 085843710881 | AP86: FATCHUL AMIN | AQ86: 144-00-1735727-5 | AR86: MANDIRI | AS86: MALANG - KCP SUPRAPTO | AT86: -
A87: 3 | B87: 9919010005 | C87: WAHYU FIRMANSAH | D87: STAFF PACKING | E87: KONTRAK | F87: 43468 | G87: 43468 | J87: =DATEDIF(F87,$A$3,"Y") -> 2 | K87: =DATEDIF(F87,$A$3,"YM") -> 0 | N87: P | O87: ISLAM | P87: MALANG | Q87: 35122 | R87: =DATEDIF(Q87,$A$3,"Y") -> 24 | S87: =DATEDIF(Q87,$A$3,"YM") -> 10 | T87: SMK | U87: MULTIMEDIA | V87: B | W87: TK/0 | AI87: 3507232702960001 | AJ87: DUSUN KETANGI RT.27/RW.07 TEGALGONDO - KARANGPLOSO | AK87: DUSUN KETANGI RT.27/RW.07 TEGALGONDO - KARANGPLOSO | AN87: - | AO87: 085236337778 | AP87: WAHYU FIRMANSAH | AQ87: 144-00-1811479-0 | AR87: MANDIRI | AS87: MALANG - KCP SUPRAPTO
A88: 4 | C88: ACHMAD RIZAL | D88: STAFF ADMIN | E88: KONTRAK | AN88: - | AP88: ACHMAD RIZAL | AQ88: 144-00-1680538-1 | AR88: MANDIRI | AS88: MALANG - KCP SUPRAPTO
A89: 5 | C89: BAGUS TRI WIBOWO | D89: STAFF PACKING | E89: KONTRAK | AN89: - | AP89: BAGUS TRI WIBOWO | AQ89: 144-00-1686748-0 | AR89: MANDIRI | AS89: MALANG - KCP SUPRAPTO
A90: 6 | C90: TRI SUSILO | D90: STAFF PACKING | E90: KONTRAK | AN90: - | AP90: TRI SUSILO | AQ90: 144-00-1819105-3 | AR90: MANDIRI | AS90: MALANG - KCP SUPRAPTO
A91: 7 | C91: SAIFUDIN | D91: STAFF PACKING | E91: KONTRAK | F91: 43633 | G91: 43633 | J91: =DATEDIF(F91,$A$3,"Y") -> 1 | K91: =DATEDIF(F91,$A$3,"YM") -> 6 | N91: L | O91: ISLAM | P91: MALANG | Q91: 30142 | R91: =DATEDIF(Q91,$A$3,"Y") -> 38 | S91: =DATEDIF(Q91,$A$3,"YM") -> 5 | T91: SMP | W91: TK/1 | AI91: 3573031007820001 | AJ91: JL KHAUDLUL ULUM 007/004 TLOGOWARU KEDUNG KANDANG | AK91: JL KHAUDLUL ULUM 007/004 TLOGOWARU KEDUNG KANDANG | AP91: SAIFUDIN | AQ91: 144-00-1855637-0 | AR91: MANDIRI | AS91: MALANG - KCP SUPRAPTO
A92: 8 | B92: 9918040027 | C92: SUWANDI | D92: DRIVER | E92: KONTRAK | F92: 43202 | G92: 43202 | H92: 43567 | J92: =DATEDIF(F92,$A$3,"Y") -> 2 | K92: =DATEDIF(F92,$A$3,"YM") -> 8 | N92: L | O92: ISLAM | P92: MALANG | Q92: 25632 | R92: =DATEDIF(Q92,$A$3,"Y") -> 50 | S92: =DATEDIF(Q92,$A$3,"YM") -> 10 | T92: STM | U92: - | V92: AB | W92: K/2 | X92: UMAYANTI | Y92: 27760 | Z92: NENI YUNIAR | AA92: 35604 | AB92: =DATEDIF(AA92,$A$3,"Y") -> 23 | AC92: BAGUS KURNIAWAN | AD92: 37862 | AE92: =DATEDIF(AD92,$A$3,"Y") -> 17 | AI92: 3507180503700001 | AJ92: KEDUNGREJO DUSUN KEDUNGBOTO RT.01/RW.03 KEC. PAKIS | AK92: KEDUNGREJO DUSUN KEDUNGBOTO RT.01/RW.03 KEC. PAKIS | AN92: - | AO92: 082257094822 | AP92: SUWANDI | AQ92: 144-00-1666043-0 | AR92: MANDIRI | AS92: MALANG - KCP SUPRAPTO | AT92: -
A93: 9 | C93: SUGENG PRASTYO | D93: STAFF PACKING | E93: KONTRAK | F93: 43661 | G93: 43661 | J93: =DATEDIF(F93,$A$3,"Y") -> 1 | K93: =DATEDIF(F93,$A$3,"YM") -> 5 | N93: L | O93: ISLAM | P93: MALANG | Q93: 32315 | R93: =DATEDIF(Q93,$A$3,"Y") -> 32 | S93: =DATEDIF(Q93,$A$3,"YM") -> 6 | T93: SMP | U93: - | W93: K/1 | X93: ELIS IMAWATI | Y93: 34304 | Z93: MUHAMAD AMIRUDIN | AA93: 41880 | AB93: =DATEDIF(AA93,$A$3,"Y") -> 6 | AI93: 3573032106880006 | AJ93: DUSUN NDORO 024/003 KARANGWIDORO DAU MALANG | AK93: DUSUN NDORO 024/003 KARANGWIDORO DAU MALANG | AN93: - | AO93: 082257560541 | AP93: SUGENG PRASTYO | AQ93: 144-00-1867404-1 | AR93: MANDIRI | AS93: MALANG - KCP SUPRAPTO | AT93: -
A94: 10 | C94: M KHOZIN | D94: STAFF PACKING | E94: KONTRAK | F94: 43663 | G94: 43663 | J94: =DATEDIF(F94,$A$3,"Y") -> 1 | K94: =DATEDIF(F94,$A$3,"YM") -> 5 | N94: L | O94: ISLAM | P94: BOJONEGORO | Q94: 33049 | R94: =DATEDIF(Q94,$A$3,"Y") -> 30 | S94: =DATEDIF(Q94,$A$3,"YM") -> 6 | T94: SMA | U94: - | AI94: 3522092505900001 | AJ94: JANAR 009/004 NGLUMBER KEPOH BARU BOJONEGORO | AK94: JANAR 009/004 NGLUMBER KEPOH BARU BOJONEGORO | AN94: - | AO94: 085812521986 | AP94: M KHOZIN | AQ94: 144-00-1867398-5 | AR94: MANDIRI | AS94: MALANG - KCP SUPRAPTO
A95: 11 | C95: ROBI BING SLAMET | D95: STAFF PACKING | E95: KONTRAK | F95: 43647 | G95: 43647 | J95: =DATEDIF(F95,$A$3,"Y") -> 1 | K95: =DATEDIF(F95,$A$3,"YM") -> 6 | N95: L | O95: ISLAM | P95: MALANG | Q95: 34318 | R95: =DATEDIF(Q95,$A$3,"Y") -> 27 | S95: =DATEDIF(Q95,$A$3,"YM") -> 0 | T95: SD | U95: - | AI95: 3573031512930001 | AJ95: JL KH MALIK DALAM 003/004 BURING KEDUNG KANDANG | AK95: JL KH MALIK DALAM 003/004 BURING KEDUNG KANDANG | AN95: - | AO95: 0895349359992 | AP95: ROBI BING SLAMET | AQ95: 144-00-1867391-0 | AR95: MANDIRI | AS95: MALANG - KCP SUPRAPTO
A96: 12 | C96: RIANTO | D96: STAFF PACKING | E96: KONTRAK | F96: 43703 | G96: 43703 | J96: =DATEDIF(F96,$A$3,"Y") -> 1 | K96: =DATEDIF(F96,$A$3,"YM") -> 4 | N96: L | O96: ISLAM | P96: MALANG | Q96: 34858 | R96: =DATEDIF(Q96,$A$3,"Y") -> 25 | S96: =DATEDIF(Q96,$A$3,"YM") -> 6 | T96: SD | U96: - | W96: TK/0 | AI96: 3507171806950002 | AJ96: DUSUN BENDRONG 024/004 ARGOSARI JABUNG MALANG | AK96: DUSUN BENDRONG 024/004 ARGOSARI JABUNG MALANG | AN96: - | AO96: 082230406075 | AP96: RIANTO | AQ96: 144-00-1874716-9 | AR96: MANDIRI | AS96: MALANG - KCP SUPRAPTO
A97: 13 | C97: BAGAS FIRMANSAH | D97: STAFF PACKING | E97: KONTRAK | F97: 43752 | G97: 43752 | J97: =DATEDIF(F97,$A$3,"Y") -> 1 | K97: =DATEDIF(F97,$A$3,"YM") -> 2 | N97: L | O97: ISLAM | P97: BOJONEGORO | Q97: 35984 | R97: =DATEDIF(Q97,$A$3,"Y") -> 22 | S97: =DATEDIF(Q97,$A$3,"YM") -> 5 | U97: - | W97: TK/0 | AI97: 3522090807980003 | AJ97: JANAR 008/004 NGLUMBER KEPOHBARU BOJONEGORO | AK97: JANAR 008/004 NGLUMBER KEPOHBARU BOJONEGORO | AN97: - | AP97: BAGAS FIRMANSAH | AQ97: 144-00-1891154-2 | AR97: MANDIRI | AS97: MALANG - KCP SUPRAPTO
A98: 14 | B98: 9919080039 | C98: ARIS SUSANTO | D98: STAFF PACKING | E98: KONTRAK | F98: 43680 | G98: 43680 | J98: =DATEDIF(F98,$A$3,"Y") -> 1 | K98: =DATEDIF(F98,$A$3,"YM") -> 5 | N98: L | O98: ISLAM | P98: MALANG | Q98: 31735 | R98: =DATEDIF(Q98,$A$3,"Y") -> 34 | S98: =DATEDIF(Q98,$A$3,"YM") -> 1 | T98: SMK | U98: OTOMOTIF | V98: AB | W98: K/1 | X98: - | Y98: - | Z98: - | AA98: - | AB98: - | AC98: - | AD98: - | AE98: - | AF98: - | AG98: - | AH98: - | AI98: 3573011911860002 | AJ98: JL TELUK CENDRAWASIH IV/4 MALANG | AK98: JL TELUK CENDRAWASIH IV/4 MALANG | AO98: 083819829486 | AP98: ARIS SUSANTO | AQ98: 144-00-1869967-5 | AR98: MANDIRI | AS98: MALANG - KCP SUPRAPTO
A99: 15 | B99: =NIK!B111 -> 9919120063 | C99: RINO BINGA HANDANA | D99: STAFF PACKING | E99: KONTRAK | F99: 43812 | G99: 43812 | J99: =DATEDIF(F99,$A$3,"Y") -> 1 | K99: =DATEDIF(F99,$A$3,"YM") -> 0 | N99: L | O99: ISLAM | P99: PROBOLINGGO | Q99: 34631 | R99: =DATEDIF(Q99,$A$3,"Y") -> 26 | S99: =DATEDIF(Q99,$A$3,"YM") -> 2 | T99: SMK | U99: PELAYARAN | V99: AB | W99: TK/0 | AI99: 3574042410940001 | AJ99: JL CITARUM III PERUM KENTANYAN 66 IV NO 65 CURAH GRINTING - KANIGARAN | AK99: JL CITARUM III PERUM KENTANYAN 66 IV NO 65 CURAH GRINTING - KANIGARAN | AO99: 082258591100 | AP99: RINO BINGA HANDANA | AQ99: 144-00-1908249-1 | AR99: MANDIRI | AS99: MALANG - KCP SUPRAPTO
A100: 16 | B100: =NIK!B114 -> 9919120066 | C100: KHOIRUN NASIKIN | D100: STAFF PACKING | E100: KONTRAK | F100: 43813 | G100: 43813 | J100: =DATEDIF(F100,$A$3,"Y") -> 1 | K100: =DATEDIF(F100,$A$3,"YM") -> 0 | N100: L | O100: ISLAM | P100: BOJONEGORO | Q100: 33518 | R100: =DATEDIF(Q100,$A$3,"Y") -> 29 | S100: =DATEDIF(Q100,$A$3,"YM") -> 2 | T100: SMA | U100: IPA | W100: TK/0 | AI100: 3522040710910006 | AJ100: DS. KARANGAN, KEPOHBARU, BOJONEGORO | AK100: DS. KARANGAN, KEPOHBARU, BOJONEGORO | AO100: 085732938413 | AP100: KHOIRUN NASIKIN | AQ100: 144-00-1908247-5 | AR100: MANDIRI | AS100: MALANG - KCP SUPRAPTO
A101: 17 | B101: =NIK!$B$116 -> 9919120068 | C101: WAHYU ZAINUL MUSTOFA | D101: STAFF PACKING | E101: KONTRAK | F101: 43819 | G101: 43819 | J101: =DATEDIF(F101,$A$3,"Y") -> 1 | K101: =DATEDIF(F101,$A$3,"YM") -> 0 | N101: l | O101: ISLAM | P101: MALANG | Q101: 35594 | R101: =DATEDIF(Q101,$A$3,"Y") -> 23 | S101: =DATEDIF(Q101,$A$3,"YM") -> 6 | T101: SMK | U101: TKR | W101: TK/0 | AI101: 3507221306970001 | AJ101: DSN SEMPU RT/RW 002/001, GADINGKULON, DAU - MALANG | AK101: DSN SEMPU RT/RW 002/001, GADINGKULON, DAU - MALANG | AO101: 085710332709 | AP101: WAHYU ZAINUL MUSTOFA | AR101: MANDIRI | AS101: MALANG - KCP SUPRAPTO
A102: 18 | B102: =NIK!B125 -> 9919120082 | C102: AHMAD FAUZI | D102: STAFF PACKING | E102: KONTRAK | F102: 43822 | O102: ISLAM
...

Sheet 2020
B1: =+NOW() -> 44202.499
B2: DATA KARYAWAN MS GLOW OFFICE 2020
B3: No. | C3: N I K * | D3: NAMA LENGKAP | E3: POSISI | F3: STATUS KARYAWAN | G3: TANGGAL MULAI KERJA | H3: STATUS KEPEGAWAIAN | K3: MASA KERJA | O3: JENIS KELAMIN | P3: A G A M A | Q3: TEMPAT LAHIR | R3: Tanggal Lahir | S3: Umur | U3: PENDIDIKAN TERAKHIR | W3: GOLONGAN DARAH | X3: STATUS PERKAWINAN | Y3: ISTERI/SUAMI | AA3: ANAK I | AD3: ANAK II | AG3: ANAK III | AJ3: KTP * | AL3: ALAMAT TINGGAL | AM3: NO. BPJS KETENAGAKERJAAN | AN3: NO. BPJS KESEHATAN | AO3: NPWP | AP3: NO. HP | AQ3: ACCOUNT BANK * | AU3: EMAIL
K4: =+NOW() -> 44202.499 | M4: MULAI | N4: AKHIR | U4: Pendidikan | V4: Jurusan | Y4: Nama | Z4: Tgl Lahir | AA4: Nama | AB4: Tgl Lahir | AC4: Umur | AD4: Nama | AE4: Tgl Lahir | AF4: Umur | AG4: Nama | AH4: Tgl Lahir | AI4: Umur | AJ4: NOMOR KTP | AK4: ALAMAT KTP | AQ4: Atas Nama (sesuai dibuku rekening) | AR4: NOMOR REKENING | AS4: BANK | AT4: CABANG
H5: KONTRAK 1 (PKWT-1) | I5: KONTRAK 2 (PKWT-2) | J5: TETAP | K5: Tahun | L5: Bulan | R5: =+NOW() -> 44202.499 | S5: Tahun | T5: Bulan
B6: MANAGEMENT
B7: 1 | C7: OWNER | D7: SHANDY PURNAMASARI | E7: KOMISARIS | O7: P | P7: ISLAM | Q7: SURABAYA | R7: 33521 | S7: =DATEDIF(R7,$B$1,"Y") -> 29 | T7: =DATEDIF(R7,$B$1,"YM") -> 2 | X7: K/1 | Y7: GILANG WIDYA PRAMANA | Z7: 32632 | AA7: FELICIA LASHA ZAFEERA | AB7: 41559 | AC7: =DATEDIF(AB7,$B$1,"Y") -> 7 | AL7: GREENWOOD GOLF INDAH NO. 5 - MALANG
B8: 2 | D8: GILANG WIDYA PRAMANA | E8: DIREKTUR | O8: L | P8: ISLAM | Q8: PROBOLINGGO | R8: 32632 | S8: =DATEDIF(R8,$B$1,"Y") -> 31 | T8: =DATEDIF(R8,$B$1,"YM") -> 8 | X8: K/1 | Y8: SHANDY PURNAMASARI | Z8: 33521 | AA8: FELICIA LASHA ZAFEERA | AB8: 41559 | AC8: =DATEDIF(AB8,$B$1,"Y") -> 7 | AJ8: 3574040405890001 | AK8: JL. KH AHMAD DAHLAN 123 RT.01/RW.01 PROBOLINGGO | AL8: GREENWOOD GOLF INDAH NO. 5 - MALANG | AO8: 35.447.918.0.625.000 | AP8: 081233732340
B9: MANAGER
A10: 1 | B10: 1 | C10: 9920100146 | D10: SHEILA MARTHALIA | E10: GENERAL MANAGER | F10: KONTRAK | G10: 44105 | H10: 44105 | K10: =DATEDIF(G10,$B$1,"Y") -> 0 | L10: =DATEDIF(G10,$B$1,"YM") -> 3 | O10: P | P10: ISLAM | Q10: MALANG | R10: 33246 | S10: =DATEDIF(R10,$B$1,"Y") -> 29 | T10: =DATEDIF(R10,$B$1,"YM") -> 11 | U10: S-1 | V10: EKONOMI PEMBANGUNAN | W10: O | X10: TK/0 | AJ10: 3572024801910001 | AK10: JL RANDU AGUNG NO 53 002/001 KARANGSARI SUKOREJO | AL10: JL RANDU AGUNG NO 53 002/001 KARANGSARI SUKOREJO | AO10: 66.640.955.2-609.000 | AP10: 081335118857 | AQ10: SHEILA MARTHALIA | AR10: 144-00-1763260-2 | AS10: MANDIRI | AT10: MALANG - KCP SUPRAPTO | AU10: pangkey.sheila@gmail.com
A11: 2 | B11: 2 | C11: 9918080037 | D11: RIDA' MILLATI | E11: MANAGER MARKETING | F11: KONTRAK | G11: 43340 | H11: 43340 | I11: 43705 | K11: =DATEDIF(G11,$B$1,"Y") -> 2 | L11: =DATEDIF(G11,$B$1,"YM") -> 4 | O11: P | P11: ISLAM | Q11: MALANG | R11: 34553 | S11: =DATEDIF(R11,$B$1,"Y") -> 26 | T11: =DATEDIF(R11,$B$1,"YM") -> 4 | U11: S-1 | V11: DESAIN PRODUCT | W11: - | X11: TK/1 | Y11: - | Z11: - | AA11: MIKAYLA ALESHA VALERIE | AB11: 42598 | AC11: =DATEDIF(AB11,$B$1,"Y") -> 4 | AD11: - | AE11: - | AF11: - | AJ11: 3573044708940000 | AK11: JL. SIMPANG LOWOKDORO I no. 5 RT.10/RW.04 KEC. SUKUN - MALANG | AL11: JL. SIMPANG LOWOKDORO I no. 5 RT.10/RW.04 KEC. SUKUN - MALANG | AO11: 85.695.573.7-623.000 | AP11: 085257396000 | AQ11: RIDA' MILLATI | AR11: 144-00-1771808-8 | AS11: MANDIRI | AT11: MALANG - KCP SUPRAPTO | AU11: rida.millati29@gmail.com | AV11: BPJS TK
A12: 3 | B12: 3 | C12: 9918040002 | D12: CHANDRA MAHARDHIKA | E12: MANAGER PRODUCT | F12: KONTRAK | G12: 43202 | H12: 43202 | I12: 43567 | K12: =DATEDIF(G12,$B$1,"Y") -> 2 | L12: =DATEDIF(G12,$B$1,"YM") -> 8 | O12: L | P12: ISLAM | Q12: MALANG | R12: 32362 | S12: =DATEDIF(R12,$B$1,"Y") -> 32 | T12: =DATEDIF(R12,$B$1,"YM") -> 4 | U12: S-1 | V12: MANAJ. SUMBER DAYA MANUSIA | W12: O | X12: K/1 | Y12: FEBRIANA PUTRI ASIH VALENTINE | Z12: 32188 | AA12: ALARIC GHIBRAN MAHARDHIKA | AB12: 42531 | AC12: =DATEDIF(AB12,$B$1,"Y") -> 4 | AD12: - | AE12: - | AF12: - | AJ12: 3573040708880003 | AK12: JL. RANAKAH Q-9 TIDAR - MALANG | AL12: JL. SIMPANG LOWOKDORO NO. 2 KAV. 1 - MALANG | AO12: 97.290.407.2.623.000 | AP12: 081233993341 | AQ12: CHANDRA MAHARDHIKA | AR12: 144-00-1739415-3 | AS12: MANDIRI | AT12: MALANG - KCP SUPRAPTO | AU12: mahardhika.chandra7888@gmail.com | AV12: BPJS TK
A13: 4 | B13: 4 | C13: 9919020011 | D13: VENNA ROSIA MARHETA | E13: MANAGER HRGA | F13: KONTRAK | G13: 43497 | H13: 43497 | I13: 43862 | K13: =DATEDIF(G13,$B$1,"Y") -> 1 | L13: =DATEDIF(G13,$B$1,"YM") -> 11 | O13: P | P13: ISLAM | Q13: MALANG | R13: 31666 | S13: =DATEDIF(R13,$B$1,"Y") -> 34 | T13: =DATEDIF(R13,$B$1,"YM") -> 3 | U13: S-2 | V13: MANAJ. SUMBER DAYA MANUSIA | W13: A | X13: K/1 | Y13: MOH. HASIM AS'ARI | Z13: 30600 | AA13: GHAIDA AMETHYSA SHANUM | AB13: 41939 | AC13: =DATEDIF(AB13,$B$1,"Y") -> 6 | AD13: - | AE13: - | AF13: - | AJ13: 3573045109860002 | AK13: JL. RAYA GADANG XB NO 49 RT.04/RW.05 KEL. GADANG - MALANG | AL13: JL. RAYA GADANG XB NO 48 RT.04/RW.05 KEL. GADANG - MALANG | AO13: 08.735.462.7-623.000 | AP13: 0895627070220 | AQ13: VENNA ROSIA MARHETA | AR13: 144-00-1818033-8 | AS13: MANDIRI | AT13: MALANG - KCP SUPRAPTO | AU13: verota.pussie@gmail.com | AV13: BPJS TK
A14: 5 | B14: 5 | C14: 9919110053 | D14: ANDYKA SYAHPUTRA | E14: MANAGER ACCOUNTING | F14: KONTRAK | G14: 43795 | H14: 43795 | K14: =DATEDIF(G14,$B$1,"Y") -> 1 | L14: =DATEDIF(G14,$B$1,"YM") -> 1 | O14: L | P14: ISLAM | Q14: MALANG | R14: 34246 | S14: =DATEDIF(R14,$B$1,"Y") -> 27 | T14: =DATEDIF(R14,$B$1,"YM") -> 3 | U14: D2 | V14: ACCOUNTING | W14: A | X14: TK/0 | AJ14: 3573010410930002 | AK14: JL. BATU AMARIL 38, RT/RW 02/04 PANDANWANGI, BLIMBING | AL14: JL. BATU AMARIL 38, RT/RW 02/04 PANDANWANGI, BLIMBING | AP14: 0895414552493 | AQ14: ANDYKA SYAHPUTRA | AR14: 144-00-1902619-1 | AS14: MANDIRI | AT14: MALANG - KCP SUPRAPTO | AU14: dykaputra1993@gmail.com
A15: 6 | B15: 6 | C15: 9920100145 | D15: FATWA IHYA' AZIZA | E15: MANAGER PENJUALAN | F15: KONTRAK | G15: 44105 | H15: 44105 | K15: =DATEDIF(G15,$B$1,"Y") -> 0 | L15: =DATEDIF(G15,$B$1,"YM") -> 3 | O15: P | P15: ISLAM | Q15: SURABAYA | R15: 33624 | S15: =DATEDIF(R15,$B$1,"Y") -> 28 | T15: =DATEDIF(R15,$B$1,"YM") -> 11 | U15: S1 | V15: EKONOMI PEMBANGUNAN | X15: TK/0 | AJ15: 3578266101920002 | AK15: JL. SUTOREJO SELATAN 7 NO 6, 005/008 MULYOREJO, SURABAYA | AL15: JL. SUTOREJO SELATAN 7 NO 6, 005/008 MULYOREJO, SURABAYA | AQ15: FATWA IHYA' AZIZA | AR15: 144-00-1980484-5 | AS15: MANDIRI | AT15: MALANG - KCP SUPRAPTO
A16: 7 | B16: 7 | C16: 9920110154 | D16: MIRZA HENDRAWAN | E16: MANAGER DEVELOPMENT | F16: KONTRAK | G16: 44136 | H16: 44136 | K16: =DATEDIF(G16,$B$1,"Y") -> 0 | L16: =DATEDIF(G16,$B$1,"YM") -> 2 | O16: L | P16: ISLAM | Q16: MALANG | R16: 31740 | S16: =DATEDIF(R16,$B$1,"Y") -> 34 | T16: =DATEDIF(R16,$B$1,"YM") -> 1 | U16: S1 | X16: TK/0 | Y16: DYAN PERMATA SARI | Z16: 31949 | AA16: RENAYLA NOURRIVIRDEEZ | AB16: 39454 | AC16: =DATEDIF(AB16,$B$1,"Y") -> 12 | AD16: RAYHAN ZAFA HENDRAWAN | AE16: 42652 | AF16: =DATEDIF(AE16,$B$1,"Y") -> 4 | AG16: RAKHA FAZA HENDRAWAN | AH16: 42652 | AI16: =DATEDIF(AH16,$B$1,"Y") -> 4 | AJ16: 3573052411860005 | AK16: JL. SIMPANG CANDI TROWULAN 5 002/003 MOJOLANGU LOWOKWARU | AL16: JL. SIMPANG CANDI TROWULAN 5 002/003 MOJOLANGU LOWOKWARU | AO16: 35.029.327.0-652.000 | AQ16: MIRZA HENDRAWAN | AR16: 152-00-1183402-1 | AS16: MANDIRI
B18: BISNIS DEVELOPMENT
A19: 8 | B19: 1 | C19: 992030105 | D19: RIKO TRIE SAPUTRA | E19: SPV MS GLOW MEN | F19: KONTRAK | G19: 43904 | H19: 43904 | K19: =DATEDIF(G19,$B$1,"Y") -> 0 | L19: =DATEDIF(G19,$B$1,"YM") -> 9 | O19: L | P19: ISLAM | Q19: BANGKALAN | R19: 34294 | S19: =DATEDIF(R19,$B$1,"Y") -> 27 | T19: =DATEDIF(R19,$B$1,"YM") -> 1 | U19: S1 | V19: TI - DG | W19: A+ | X19: TK/0 | Y19: GREXITA VETA SANDIKA | Z19: 36136 | AA19: GRITHA ALEONA VALERIE | AB19: 43210 | AJ19: 3526012111930003 | AK19: JL. JOKOTOLE III RT 04/RW 04 BANGKALAN | AL19: JL. IKAN GURAMI 24 MALANG | AO19: 92.498.503.9-652.000 | AP19: 087859500686 | AQ19: RIKO TRIE SAPUTRA | AR19: 144-00-1712394-1 | AS19: MANDIRI | AT19: MALANG - KCP SUPRAPTO | AU19: rikosaputra337@gmail.com
A20: 9 | B20: 2 | C20: 9918090038 | D20: ANIKE WULANDARI | E20: ADMIN / MARKETING | F20: KONTRAK | G20: 43362 | H20: 43362 | I20: 43574 | K20: =DATEDIF(G20,$B$1,"Y") -> 2 | L20: =DATEDIF(G20,$B$1,"YM") -> 3 | O20: P | P20: ISLAM | Q20: MALANG | R20: 34925 | S20: =DATEDIF(R20,$B$1,"Y") -> 25 | T20: =DATEDIF(R20,$B$1,"YM") -> 4 | U20: S1 | V20: KESEHATAN MASYARAKAT | W20: - | X20: TK/0 | Y20: - | Z20: - | AA20: - | AB20: - | AC20: - | AD20: - | AE20: - | AJ20: 3507185408950003 | AK20: SINDUREJO RT.4/RW.3 BANJAREJO PAKIS - KAB. MALANG | AL20: SINDUREJO RT.4/RW.3 BANJAREJO PAKIS - KAB. MALANG | AO20: - | AP20: 085646660730 | AQ20: ANIKE WULANDARI | AR20: 144-00-1778916-2 | AS20: MANDIRI | AT20: MALANG - KCP SUPRAPTO | AU20: anikewulandarii@gmail.com | AV20: BPJS TK
A21: 10 | B21: 3 | C21: 992030104 | D21: RENDY ARDIAN PRATAMA | E21: DESAIN GRAFIS | F21: KONTRAK | G21: 43904 | H21: 43904 | K21: =DATEDIF(G21,$B$1,"Y") -> 0 | L21: =DATEDIF(G21,$B$1,"YM") -> 9 | O21: L | P21: KRISTEN | Q21: MALANG | R21: 35650 | S21: =DATEDIF(R21,$B$1,"Y") -> 23 | T21: =DATEDIF(R21,$B$1,"YM") -> 4 | U21: S1 | V21: DESAIN GRAFIS | X21: TK/0 | AJ21: 3507210808970003 | AK21: JL. RAYA GONDOWANGI NO 46, WAGIR KAB. MALANG | AL21: JL. RAYA GONDOWANGI NO 46, WAGIR KAB. MALANG | AP21: 085234811314 | AQ21: RENDY ARDIAN PRATAMA | AR21: 144-00-1938310-5 | AS21: MANDIRI | AT21: MALANG - KCP SUPRAPTO | AV21: BPJS TK
A22: 11 | B22: 4 | C22: 9919120055 | D22: WICAKSONO HARYO PRAKOSO | E22: ADMIN PENJUALAN | F22: KONTRAK | G22: 43801 | H22: 43801 | K22: =DATEDIF(G22,$B$1,"Y") -> 1 | L22: =DATEDIF(G22,$B$1,"YM") -> 1 | O22: L | P22: ISLAM | Q22: SIDOARJO | R22: 33482 | S22: =DATEDIF(R22,$B$1,"Y") -> 29 | T22: =DATEDIF(R22,$B$1,"YM") -> 4 | U22: D-III | V22: TEKNIK ELEKTRO | W22: O | X22: TK/0 | Y22: SARIFA AINI | AA22: KAUTSARYO GHIFARYAN AL ABIDZAR | AB22: 42846 | AC22: =DATEDIF(AB22,$B$1,"Y") -> 3 | AJ22: 3573030109910001 | AK22: JL. DANAU RAWA PENING II /H5 D1, RT/RW 03/14, MADYOPURO | AL22: JL. DANAU RAWA PENING II /H5 D1, RT/RW 03/14, MADYOPURO | AP22: 081233625018 | AQ22: WICAKSONO HARYO PRAKOSO | AR22: 144-00-1908240-0 | AS22: MANDIRI | AT22: MALANG - KCP SUPRAPTO | AV22: BPJS TK
A23: 12 | B23: 5 | C23: 9919120060 | D23: SAIFUR ROUUF | E23: DESIGN | F23: KONTRAK | G23: 43811 | H23: 43811 | K23: =DATEDIF(G23,$B$1,"Y") -> 1 | L23: =DATEDIF(G23,$B$1,"YM") -> 0 | O23: L | P23: ISLAM | Q23: JEPARA | R23: 34239 | S23: =DATEDIF(R23,$B$1,"Y") -> 27 | T23: =DATEDIF(R23,$B$1,"YM") -> 3 | U23: D-II | V23: INFORMATIC COMPUTER | W23: O | X23: TK/0 | AJ23: 3320062709930003 | AK23: JL. KARTINI 57 KAUMAN RT/RW KAUMAN, JEPARA | AL23: JL. KARTINI 57 KAUMAN RT/RW KAUMAN, JEPARA | AP23: 082232929651 | AQ23: SAIFUR ROUUF | AR23: 144-00-1908248-3 | AS23: MANDIRI | AT23: MALANG - KCP SUPRAPTO | AV23: BPJS TK
A24: 13 | B24: 6 | C24: 9919120056 | D24: RATNA KURNIAWATI | E24: ADMIN PENJUALAN | F24: KONTRAK | G24: 43801 | H24: 43801 | K24: =DATEDIF(G24,$B$1,"Y") -> 1 | L24: =DATEDIF(G24,$B$1,"YM") -> 1 | O24: P | P24: ISLAM | Q24: MALANG | R24: 33979 | S24: =DATEDIF(R24,$B$1,"Y") -> 27 | T24: =DATEDIF(R24,$B$1,"YM") -> 11 | U24: S-1 | V24: EKONOMI PEMBANGUNAN | W24: B | X24: TK/0 | AJ24: 3573035001930006 | AK24: JL. BANDARA TIMIKA BLOK CK – 19, RT/RW 04/09, CEMOROKANDANG, KEDUNGKANDANG | AL24: JL. BANDARA TIMIKA BLOK CK – 19, RT/RW 04/09, CEMOROKANDANG, KEDUNGKANDANG | AP24: 082331568118 | AQ24: RATNA KURNIAWATI | AR24: 144-00-1908235-0 | AS24: MANDIRI | AT24: MALANG - KCP SUPRAPTO | AV24: BPJS TK
A25: 14 | B25: 7 | C25: 992060119 | D25: LODY SAMPURNA | E25: MARKOM | F25: KONTRAK | G25: 43991 | H25: 43991 | K25: =DATEDIF(G25,$B$1,"Y") -> 0 | L25: =DATEDIF(G25,$B$1,"YM") -> 6 | O25: P | P25: ISLAM | Q25: MALANG | R25: 35667 | S25: =DATEDIF(R25,$B$1,"Y") -> 23 | T25: =DATEDIF(R25,$B$1,"YM") -> 4 | U25: S1 | V25: TIDG | W25: A RH+ | X25: TK/0 | AJ25: 3579022508970008 | AK25: JL. TANJUNG 59 BULUKERTO 001/004 BULUKERTO, BUMIAJI MALANG | AL25: JL. TANJUNG 59 BULUKERTO 001/004 BULUKERTO, BUMIAJI MALANG | AP25: 082141427637 | AQ25: LODY SAMPURNA | AR25: 144-00-1948984-5 | AS25: MANDIRI | AT25: MALANG - KCP SUPRAPTO | AU25: isampurna71@gmail.com
A26: 15 | B26: 8 | C26: 9920120163 | D26: ARISMA LULI DIANA | E26: ADMIN PENJUALAN (vape) | F26: KONTRAK | G26: 44186 | H26: 44186 | K26: =DATEDIF(G26,$B$1,"Y") -> 0 | L26: =DATEDIF(G26,$B$1,"YM") -> 0 | O26: P | P26: ISLAM | Q26: GRESIK | R26: 35177 | S26: =DATEDIF(R26,$B$1,"Y") -> 24 | T26: =DATEDIF(R26,$B$1,"YM") -> 8 | U26: S1 | V26: ILMU KOMUNIKASI | W26: O | X26: TK/0 | AJ26: 3525036204960001 | AK26: LINGKUNGAN NENGGALAH RT/RW 006/002 DALEGAN KEC PANCENG GRESIK | AL26: JL CANDI 2 GANG BAKUNG INDAH NO 135 KARANGBESUKI SUKUN MALANG | AP26: 085646475519 | AQ26: ARISMA LULI DIANA | AR26: 178-00-0331248-1 | AS26: MANDIRI | AT26: GRESIK | AU26: arisma.lulidiana@gamil.com
A27: 16 | B27: 9 | C27: 9920120164 | D27: RYAN ANDRIA NUGROHO | E27: GRAPHIC DESIGN (vape) | F27: KONTRAK | G27: 44186 | H27: 44186 | K27: =DATEDIF(G27,$B$1,"Y") -> 0 | L27: =DATEDIF(G27,$B$1,"YM") -> 0 | O27: L | P27: ISLAM | Q27: PATI | R27: 35836 | S27: =DATEDIF(R27,$B$1,"Y") -> 22 | T27: =DATEDIF(R27,$B$1,"YM") -> 10 | U27: S1 | V27: INFORMATIKA | W27: - | X27: TK/0 | AJ27: 3318051002980003 | AK27: JETAK RT/RW 003/001 PUCAKWANGI PATI JAWA TENGAH | AL27: GG XI NO 85B RT/RW 005/002 SAWOJAJAR KEDUNGKANDANG MALANG | AP27: 081393103838 | AQ27: RYAN ANDRIA NUGROHO | AR27: 184-00-0232835-7 | AS27: MANDIRI | AT27: PATI | AU27: nugrohoandria@gmail.com
A28: 17 | B28: 10 | C28: 9920110159 | D28: AGAM SUNANTO | E28: DESIGN | F28: KONTRAK | G28: 44151 | H28: 44151 | K28: =DATEDIF(G28,$B$1,"Y") -> 0 | L28: =DATEDIF(G28,$B$1,"YM") -> 1 | O28: L | P28: ISLAM | Q28: MALANG | R28: 34862 | S28: =DATEDIF(R28,$B$1,"Y") -> 25 | T28: =DATEDIF(R28,$B$1,"YM") -> 6 | U28: S1 | V28: DESIGN PRODUCT | X28: K/0 | AJ28: 3507311206950001 | AK28: DSN KRAJAN 003/001 JAMBUWER KROMENGAN MALANG | AL28: DSN KRAJAN 003/001 JAMBUWER KROMENGAN MALANG | AP28: 082131931669 | AQ28: AGAM SUNANTO | AR28: 144-00-1980149-4 | AS28: MANDIRI | AT28: MALANG - KCP SUPRAPTO | AU28: agam.sunanto@gmail.com
A29: 18 | B29: 11 | C29: 992110170 | D29: AVILLA FLORENCIA GITAVIONNI | E29: ADM SOSMED (men) | F29: KONTRAK | G29: 44202 | H29: 44202 | K29: =DATEDIF(G29,$B$1,"Y") -> 0 | L29: =DATEDIF(G29,$B$1,"YM") -> 0 | O29: P | P29: KRISTEN | Q29: TULUNGAGUNG | R29: 35342 | S29: =DATEDIF(R29,$B$1,"Y") -> 24 | T29: =DATEDIF(R29,$B$1,"YM") -> 3 | U29: S1 | V29: SASTRA INGGRIS | W29: A | X29: K/0 | AJ29: 3504114410960004 | AK29: PULOSARI, RT/RW 002/009 PULOSARI, NGUNUT KAB TULUNGAGUNG | AL29: JL BENDUNGAN SEMPUR NO 27 SUMBERSARI MALANG | AP29: 081330858957 | AQ29: AVILLA FLORENCIA GITAVIONNI | AS29: MANDIRI | AT29: MALANG - KCP SUPRAPTO | AU29: vvionna12@gmail.com
B31: PENJUALAN
A32: 19 | B32: 1 | C32: 9918050033 | D32: SARIFA AINI | E32: MARKETING | F32: KONTRAK | G32: 43222 | H32: 43222 | I32: 43587 | K32: =DATEDIF(G32,$B$1,"Y") -> 2 | L32: =DATEDIF(G32,$B$1,"YM") -> 8 | O32: P | P32: ISLAM | Q32: MALANG | R32: 33553 | S32: =DATEDIF(R32,$B$1,"Y") -> 29 | T32: =DATEDIF(R32,$B$1,"YM") -> 1 | U32: S1 | V32: ADMINISTRASI BISNIS | W32: B | X32: K/1 | Y32: WICAKSONO HARYO | Z32: 33482 | AA32: KAUTSARYO GHIFARYAN AL ABIDZAR | AB32: 42846 | AC32: =DATEDIF(AB32,$B$1,"Y") -> 3 | AD32: - | AE32: - | AF32: - | AJ32: 3573015111910002 | AK32: JL. DANAU JONGE H7 D-30 RT.04/RW.15 - MALANG | AL32: JL. DANAU JONGE H7 D-30 RT.04/RW.15 - MALANG | AO32: - | AP32: 081233625018 | AQ32: SARIFA AINI | AR32: 144-00-1746222-4 | AS32: MANDIRI | AT32: MALANG - KCP SUPRAPTO | AU32: - | AV32: BPJS TK
A33: 20 | B33: 2 | C33: 9919010003 | D33: ALONG ALFIAH | E33: ADMIN OFFICE | F33: KONTRAK | G33: 43467 | H33: 43467 | I33: 43832 | K33: =DATEDIF(G33,$B$1,"Y") -> 2 | L33: =DATEDIF(G33,$B$1,"YM") -> 0 | O33: P | P33: ISLAM | Q33: PROBOLINGGO | R33: 35726 | S33: =DATEDIF(R33,$B$1,"Y") -> 23 | T33: =DATEDIF(R33,$B$1,"YM") -> 2 | U33: D-I | V33: ADM. PERKANTORAN | W33: B+ | X33: TK/0 | Y33: - | Z33: - | AA33: - | AB33: - | AC33: - | AD33: - | AE33: - | AF33: - | AJ33: 3513056310970003 | AK33: JL. IR SUTAMI DS. JORONGAN KEC. LECES - PROBOLINGGO | AL33: JL. IR SUTAMI DS. JORONGAN KEC. LECES - PROBOLINGGO | AO33: - | AP33: 085559612295 | AQ33: ALONG ALFIAH | AR33: 144-00-1692098-2 | AS33: MANDIRI | AT33: MALANG - KCP SUPRAPTO | AU33: along.alfiah@gmail.com | AV33: BPJS TK
A34: 21 | B34: 3 | C34: 9919110052 | D34: ARUM SETIYONINGSIH | E34: LEGAL | F34: KONTRAK | G34: 43794 | H34: 43794 | K34: =DATEDIF(G34,$B$1,"Y") -> 1 | L34: =DATEDIF(G34,$B$1,"YM") -> 1 | O34: P | P34: ISLAM | Q34: BOJONEGORO | R34: 35755 | S34: =DATEDIF(R34,$B$1,"Y") -> 23 | T34: =DATEDIF(R34,$B$1,"YM") -> 1 | U34: S1 | V34: HUKUM | W34: A | X34: TK/0 | AJ34: 3578286111970001 | AK34: GENTING V/21/GENTING KALIANAK/ASEMROWO, BOJONEGORO | AL34: SAWOJAJAR IV | AP34: 081293751782 | AQ34: ARUM SETIYONINGSIH | AR34: 144-00-1902606-8 | AS34: MANDIRI | AT34: MALANG - KCP SUPRAPTO | AU34: arumstyn9@gmail.com | AV34: BPJS TK
A35: 22 | B35: 4 | C35: 9919120070 | D35: ONIS NABILLA NIRMALA SARI | E35: ADMIN MARKETING | F35: KONTRAK | G35: 43820 | H35: 43820 | K35: =DATEDIF(G35,$B$1,"Y") -> 1 | L35: =DATEDIF(G35,$B$1,"YM") -> 0 | O35: P | P35: ISLAM | Q35: MALANG | R35: 34871 | S35: =DATEDIF(R35,$B$1,"Y") -> 25 | T35: =DATEDIF(R35,$B$1,"YM") -> 6 | U35: S1 | V35: MANAJEMEN | W35: AB | X35: TK/0 | AJ35: 3507056106950003 | AK35: JL. WERKUDORO RT/RW 004/013 DAMPIT, MALANG | AL35: JL. WERKUDORO RT/RW 004/013 DAMPIT, MALANG | AP35: 081259483855 | AQ35: ONIS NABILLA NIRMALA SARI | AR35: 144-00-1910720-7 | AS35: MANDIRI | AT35: MALANG - KCP SUPRAPTO | AU35: onisnabila@gmail.com | AV35: BPJS TK
A36: 23 | B36: 5 | C36: 992090144 | D36: ARMY CHICHILIA PERMANA | E36: ADMIN REGISTER | F36: KONTRAK | G36: 44103 | H36: 44103 | K36: =DATEDIF(G36,$B$1,"Y") -> 0 | L36: =DATEDIF(G36,$B$1,"YM") -> 3 | O36: P | P36: ISLAM | Q36: MALANG | R36: 35563 | S36: =DATEDIF(R36,$B$1,"Y") -> 23 | T36: =DATEDIF(R36,$B$1,"YM") -> 7 | U36: DIII | V36: ADM NIAGA | X36: TK/0 | AJ36: 3507245305970007 | AK36: ASRAMA BEDALI 2 KOSTRAD KEC SINGOSARI ARDIMULYO NBLOK L 34 | AL36: ASRAMA BEDALI 2 KOSTRAD KEC SINGOSARI ARDIMULYO NBLOK L 34 | AP36: 081297385088 | AQ36: ARMY CHICHILIA PERMANA | AR36: 144-00-1980485-2 | AS36: MANDIRI | AT36: MALANG - KCP SUHAT | AU36: armychichilia13@gmail.com
A37: 24 | B37: 6 | C37: 9920100147 | D37: INNASSA AZZURA FIRINDA | E37: ADMIN PENJUALAN | F37: KONTRAK | G37: 44110 | H37: 44110 | K37: =DATEDIF(G37,$B$1,"Y") -> 0 | L37: =DATEDIF(G37,$B$1,"YM") -> 3 | O37: P | P37: ISLAM | Q37: MALANG | R37: 34011 | S37: =DATEDIF(R37,$B$1,"Y") -> 27 | T37: =DATEDIF(R37,$B$1,"YM") -> 10 | U37: S1 | V37: ILMU ADMINISTRASI BISNIS | W37: B | X37: TK/0 | AJ37: 3573055102930001 | AK37: JL SUMBERSARI III / 145 MALANG | AL37: JL SUNAN MURIA II NO 7 MALANG | AQ37: INNASSA AZZURA FIRINDA | AR37: 144-00-1980486-0 | AS37: MANDIRI | AT37: MALANG - KCP SUPRAPTO
A38: 25 | B38: 7 | C38: 9920100151 | D38: ANIK DWI ERNASARI | E38: ADMIN PENJUALAN | F38: KONTRAK | G38: 44130 | H38: 44130 | K38: =DATEDIF(G38,$B$1,"Y") -> 0 | L38: =DATEDIF(G38,$B$1,"YM") -> 2 | O38: P | P38: KATOLIK | Q38: BLITAR | R38: 34391 | S38: =DATEDIF(R38,$B$1,"Y") -> 26 | T38: =DATEDIF(R38,$B$1,"YM") -> 10 | U38: S1 | V38: MANAJEMEN | X38: TK/0 | AJ38: 3505186602940002 | AK38: DSN PURWOREJO 003/003 RESAPOMBO DOKO BLITAR | AL38: DSN PURWOREJO 003/003 RESAPOMBO DOKO BLITAR | AQ38: ANIK DWI ERNASARI | AR38: 142-00-1403476-2 | AS38: MANDIRI | AT38: MOJOKERTO - MOJOSARI | AU38: ernasari208@gmail.com
A39: 26 | B39: 8 | C39: 9920100152 | D39: DEVY PERMATASARI | E39: ADMIN PENJUALAN | F39: KONTRAK | G39: 44130 | H39: 44130 | K39: =DATEDIF(G39,$B$1,"Y") -> 0 | L39: =DATEDIF(G39,$B$1,"YM") -> 2 | O39: P | P39: ISLAM | Q39: MALANG | R39: 35415 | S39: =DATEDIF(R39,$B$1,"Y") -> 24 | T39: =DATEDIF(R39,$B$1,"YM") -> 0 | U39: S1 | V39: MANAJEMEN | W39: O | X39: TK/0 | AJ39: 3573015012960004 | AK39: JL HAMID RUSDI 226 003/012 BUNULREJO BLIMBING, MALANG | AL39: JL HAMID RUSDI 226 003/012 BUNULREJO BLIMBING, MALANG | AQ39: DEVY PERMATASARI | AR39: 144-00-1985663-9 | AS39: MANDIRI | AT39: MALANG - KCP SUPRAPTO | AU39: devypermata0@gmail.com
A40: 27 | B40: 9 | C40: 9920110156 | D40: MOCH. ROFII | E40: STAFF LEGAL | F40: KONTRAK | G40: 44140 | H40: 44140 | K40: =DATEDIF(G40,$B$1,"Y") -> 0 | L40: =DATEDIF(G40,$B$1,"YM") -> 2 | O40: L | P40: ISLAM | Q40: NGANJUK | R40: 32442 | S40: =DATEDIF(R40,$B$1,"Y") -> 32 | T40: =DATEDIF(R40,$B$1,"YM") -> 2 | U40: S1 | V40: HUKUM | X40: K/0 | Y40: RATNA FENI SANTOSO | Z40: 34005 | AA40: - | AB40: - | AC40: - | AJ40: 3518132610880000 | AK40: JL. ABDUL RAHMAN SALEH I NO. 13 KELURAHAN KAUMAN, NGANJUK | AL40: JL. SAWOJAJAR 66. XV A-B NO. 42 SAWOJAJAR | AP40: 087725786058 | AQ40: MOCH ROFII | AR40: 171-00-0608663-4 | AS40: MANDIRI | AT40: NGANJUK | AU40: ferro.alayubbi@gmail.com
A41: 28 | B41: 10 | C41: 9920110158 | D41: TALITA IVADAH | E41: ADMIN PENJUALAN | F41: KONTRAK | G41: 44151 | H41: 44151 | K41: =DATEDIF(G41,$B$1,"Y") -> 0 | L41: =DATEDIF(G41,$B$1,"YM") -> 1 | O41: P | P41: ISLAM | Q41: BANYUWANGI | R41: 34634 | S41: =DATEDIF(R41,$B$1,"Y") -> 26 | T41: =DATEDIF(R41,$B$1,"YM") -> 2 | U41: S1 | V41: MANAJEMEN | W41: 0+ | X41: K/0 | AJ41: 5101016710940003 | AK41: PERUM GRIYA GIRI MULYAR 06 003/005 KLATAK KALIPURO | AL41: PERUM GRIYA GIRI MULYAR 06 003/005 KLATAK KALIPURO | AP41: 081333055542 | AQ41: TALITA IVADAH | AR41: 144-00-1997246-9 | AS41: MANDIRI | AT41: MALANG - KCP SUPRAPTO | AU41: talitaivadah@gmail.com
B43: MARKETING
A44: 29 | B44: 1 | C44: 9919020013 | D44: USHA FATNIA AUDRINISA | E44: DESAIN GRAFIS | F44: KONTRAK | G44: 43511 | H44: 43511 | I44: 43876 | K44: =DATEDIF(G44,$B$1,"Y") -> 1 | L44: =DATEDIF(G44,$B$1,"YM") -> 10 | O44: P | P44: ISLAM | Q44: MALANG | R44: 34934 | S44: =DATEDIF(R44,$B$1,"Y") -> 25 | T44: =DATEDIF(R44,$B$1,"YM") -> 4 | U44: S-1 | V44: INTERACTIVE AND VISUAL DESIGN | W44: B | X44: TK/0 | Y44: - | Z44: - | AA44: - | AB44: - | AC44: - | AD44: - | AE44: - | AF44: - | AJ44: 3573026308950002 | AK44: JL RAUNG 4 005/005 ORO-ORO DOWO KLOJEN MALANG | AL44: JL RAUNG 4 005/005 ORO-ORO DOWO KLOJEN MALANG | AO44: - | AP44: 081332310462 | AQ44: USHA FATNIA AUDRINISA | AR44: 144-00-1819114-5 | AS44: MANDIRI | AT44: MALANG - KCP SUPRAPTO | AU44: usha.fatnia@gmail.com | AV44: BPJS TK
A45: 30 | B45: 2 | C45: 9919010006 | D45: ROY | E45: DESAIN GRAFIS | F45: KONTRAK | G45: 43469 | H45: 43469 | I45: 43834 | K45: =DATEDIF(G45,$B$1,"Y") -> 2 | L45: =DATEDIF(G45,$B$1,"YM") -> 0 | O45: L | P45: ISLAM | Q45: MALANG | R45: 33831 | S45: =DATEDIF(R45,$B$1,"Y") -> 28 | T45: =DATEDIF(R45,$B$1,"YM") -> 4 | U45: S-1 | V45: TI - DG | W45: - | X45: K/0 | Y45: RIMA DHANI RAHMA SUWANDI | Z45: 35454 | AA45: - | AB45: - | AC45: - | AD45: - | AE45: - | AF45: - | AJ45: 3507191508920002 | AK45: JL. GARUDA RT.06/RW.02 DS. KARANGPANDAN - PAKISAJI | AL45: JL. GARUDA RT.06/RW.02 DS. KARANGPANDAN - PAKISAJI | AO45: - | AP45: 085736881552 | AQ45: ROY | AR45: 144-00-1811609-2 | AS45: MANDIRI | AT45: MALANG - KCP SUPRAPTO | AU45: secondsecret.2nd@gmail. | AV45: BPJS TK
A46: 31 | B46: 3 | C46: 992040108 | D46: ALVAN SEPTY KURNIAWAN | E46: CONTENT CREATOR | F46: KONTRAK | G46: 43922 | H46: 43922 | K46: =DATEDIF(G46,$B$1,"Y") -> 0 | L46: =DATEDIF(G46,$B$1,"YM") -> 9 | O46: L | P46: KRISTEN | Q46: SURABAYA | R46: 34234 | S46: =DATEDIF(R46,$B$1,"Y") -> 27 | T46: =DATEDIF(R46,$B$1,"YM") -> 3 | U46: S1 | V46: SISTEM INFORMASI | W46: A | X46: TK/0 | AJ46: 3573042209930003 | AK46: PERUM TAMAN JANTI D-9, MALANG | AL46: PERUM TAMAN JANTI D-9, MALANG | AP46: 0812333480993 | AQ46: ALVAN SEPTY KURNIAWAN | AR46: 144-00-1942628-4 | AS46: MANDIRI | AT46: MALANG - KCP SUPRAPTO | AU46: alvan.septy.k@gmail.com
A47: 32 | B47: 4 | C47: 992040112 | D47: YUDHISTIRA SADIE AMADEA | E47: DESIGN | F47: KONTRAK | G47: 43939 | H47: 43939 | K47: =DATEDIF(G47,$B$1,"Y") -> 0 | L47: =DATEDIF(G47,$B$1,"YM") -> 8 | O47: L | P47: ISLAM | Q47: MALANG | R47: 32589 | S47: =DATEDIF(R47,$B$1,"Y") -> 31 | T47: =DATEDIF(R47,$B$1,"YM") -> 9 | U47: DIPLOMA | V47: TI - DG | W47: B | X47: K/1 | Y47: MEYLIA RAHAYU | Z47: 32266 | AA47: LEIA SKYWALKER AMADEA | AB47: 42773 | AJ47: 3507092203860001 | AK47: JL HAMID RUSDI TIMUR IV / 292 001/015, BUNULREJO BLIMBING, MALANG | AL47: JL HAMID RUSDI TIMUR IV / 292 001/015, BUNULREJO BLIMBING, MALANG | AP47: 082179996627 | AQ47: YUDHISTIRA SADIE AMADEA | AR47: 144-00-1941934-7 | AS47: MANDIRI | AT47: MALANG - KCP SAWOJAJAR | AU47: @the20centuryst@gmail.com
A48: 33 | B48: 5 | C48: 992040107 | D48: NOVIANY ANGELINA R.P.PANDANGO | E48: PUBLIC RELATION | F48: KONTRAK | G48: 43922 | H48: 43922 | K48: =DATEDIF(G48,$B$1,"Y") -> 0 | L48: =DATEDIF(G48,$B$1,"YM") -> 9 | O48: P | P48: KRISTEN | Q48: WAIKABUBAK | R48: 35396 | S48: =DATEDIF(R48,$B$1,"Y") -> 24 | T48: =DATEDIF(R48,$B$1,"YM") -> 1 | U48: S2 | V48: MAGISTER HUKUM | W48: B | X48: TK/0 | AJ48: 5312156711960001 | AK48: JL. VETERAN, KAMPUNG SAWAH - WAIKABUBAK , NTT | AL48: JL. HALIMUN NO.8 | AP48: 081234912437 | AQ48: NOVIANY ANGELINA R.P.PANDANGO | AR48: 144-00-1942907-2 | AS48: MANDIRI | AT48: MALANG - KCP SUPRAPTO | AU48: novianyarpp@gmail.com
A49: 34 | B49: 6 | C49: 992030106 | D49: MATHARI RAMADHAN ARMANTA | E49: DESAIN GRAFIS | F49: KONTRAK | G49: 43906 | H49: 43906 | K49: =DATEDIF(G49,$B$1,"Y") -> 0 | L49: =DATEDIF(G49,$B$1,"YM") -> 9 | O49: L | P49: ISLAM | Q49: SAMARINDA | R49: 34377 | S49: =DATEDIF(R49,$B$1,"Y") -> 26 | T49: =DATEDIF(R49,$B$1,"YM") -> 10 | U49: S1 | V49: DESAIN GRAFIS | W49: AB | X49: TK/0 | AJ49: 6472031202940003 | AK49: JL. AW. SYAHRANI, RATINDO GRIYA L6 KEL. AIR HITAM | AL49: JL. CANDI BADUT NO.8 LOWOKWARU, MALANG | AP49: 081358224763 | AQ49: MATHARI RAMADHAN ARMANTA | AR49: 144-00-1768046-0 | AS49: MANDIRI | AT49: MALANG - KCP SUPRAPTO | AU49: mathari.armanta@gmail.com
A50: 35 | B50: 7 | C50: 9919100048 | D50: MARKUS VIRNANDA LUVI | E50: DESAIN GRAFIS | F50: KONTRAK | G50: 43741 | H50: 43741 | K50: =DATEDIF(G50,$B$1,"Y") -> 1 | L50: =DATEDIF(G50,$B$1,"YM") -> 3 | O50: L | P50: KRISTEN | Q50: MALANG | R50: 35150 | S50: =DATEDIF(R50,$B$1,"Y") -> 24 | T50: =DATEDIF(R50,$B$1,"YM") -> 9 | U50: D1 | V50: DESAIN GRAFIS | W50: O | X50: TK/0 | Y50: - | Z50: - | AA50: - | AB50: - | AC50: - | AD50: - | AE50: - | AF50: - | AJ50: 3507302603960001 | AK50: DUSUN KRAJAN RT/RW 001/001 TAMAN KUNCARAN TIRTOYUDO MALANG | AL50: DUSUN KRAJAN RT/RW 001/001 TAMAN KUNCARAN TIRTOYUDO MALANG | AO50: - | AP50: 087859317997 | AQ50: MARKUS VIRNANDA LUVI | AR50: 144-00-1891228-4 | AS50: MANDIRI | AT50: MALANG - KCP SUPRAPTO | AV50: BPJS TK
A51: 36 | B51: 8 | C51: 9919100049 | D51: HENIP FATUL ULA | E51: ADM REVIEW | F51: KONTRAK | G51: 43750 | H51: 43750 | K51: =DATEDIF(G51,$B$1,"Y") -> 1 | L51: =DATEDIF(G51,$B$1,"YM") -> 2 | O51: P | P51: ISLAM | Q51: MALANG | R51: 36926 | S51: =DATEDIF(R51,$B$1,"Y") -> 19 | T51: =DATEDIF(R51,$B$1,"YM") -> 11 | U51: SMA | V51: AGRIBISNIS PERTANIAN | W51: O | X51: TK/0 | Y51: - | Z51: - | AA51: - | AB51: - | AC51: - | AD51: - | AE51: - | AF51: - | AJ51: 3507154402010003 | AK51: JL MASJID KLAGEN TAJINAN RT 05 RW 03 TAJINAN MALANG | AL51: JL MASJID KLAGEN TAJINAN RT 05 RW 03 TAJINAN MALANG | AO51: - | AP51: 085850143301 | AQ51: HENIP FATUL ULA | AR51: 144-00-1891157-5 | AS51: MANDIRI | AT51: MALANG - KCP SUPRAPTO | AV51: BPJS TK
A52: 37 | B52: 9 | C52: 9919120069 | D52: TRI NOVITA DANUATI | E52: ADMIN MARKETING | F52: KONTRAK | G52: 43820 | H52: 43820 | K52: =DATEDIF(G52,$B$1,"Y") -> 1 | L52: =DATEDIF(G52,$B$1,"YM") -> 0 | O52: P | P52: ISLAM | Q52: LUMAJANG | R52: 35391 | S52: =DATEDIF(R52,$B$1,"Y") -> 24 | T52: =DATEDIF(R52,$B$1,"YM") -> 1 | U52: S1 | V52: MANAJEMEN BISNIS INDUSTRI | W52: O | X52: TK/0 | AJ52: 3508026211960001 | AK52: SUMBERURIP RT/RW 03/02 PRONOJIWO, LUMAJANG | AL52: JL SUDIMORO NO 81 MOJOLANGU KEC LOWOKWARU | AP52: 085755339470 | AQ52: TRI NOVITA DANUATI | AR52: 144-00-1910611-8 | AS52: MANDIRI | AT52: MALANG - KCP SUPRAPTO | AU52: trinovitadanuati@gmail.com | AV52: BPJS TK
A53: 38 | B53: 10 | C53: 9919120071 | D53: RIZKY NUR OKTAVIANI | E53: ADMIN MARKETING | F53: KONTRAK | G53: 43820 | H53: 43820 | K53: =DATEDIF(G53,$B$1,"Y") -> 1 | L53: =DATEDIF(G53,$B$1,"YM") -> 0 | O53: P | P53: ISLAM | Q53: MALANG | R53: 34614 | S53: =DATEDIF(R53,$B$1,"Y") -> 26 | T53: =DATEDIF(R53,$B$1,"YM") -> 2 | U53: S1 | V53: PENDIDIKAN BAHASA INGGRIS | X53: TK/0 | AJ53: 3507184710940002 | AK53: JL RAYA SEKARPURO 71 RT/RW 018/006 SEKARPURO, | AL53: JL RAYA SEKARPURO 71 RT/RW 018/006 SEKARPURO, | AP53: 082232495051 | AQ53: RIZKY NUR OKTAVIANI | AR53: 144-00-1910758-7 | AS53: MANDIRI | AT53: MALANG - KCP SUPRAPTO | AU53: kikinur00@gmail.com
A54: 39 | B54: 11 | C54: 992060122 | D54: VANIA PRIMA DAMARA | E54: DIGITAL MARKETING | F54: KONTRAK | G54: 44004 | H54: 44004 | K54: =DATEDIF(G54,$B$1,"Y") -> 0 | L54: =DATEDIF(G54,$B$1,"YM") -> 6 | O54: P | P54: ISLAM | Q54: MALANG | R54: 34185 | S54: =DATEDIF(R54,$B$1,"Y") -> 27 | T54: =DATEDIF(R54,$B$1,"YM") -> 5 | U54: S1 | V54: SASTRA JERMAN | X54: TK/0 | AJ54: 3573034408930005 | AK54: JL. DANAU PANIAI VII H4 C23 SAWOJAJAR MALANG | AL54: JL. DANAU PANIAI VII H4 C23 SAWOJAJAR MALANG | AP54: 089666346063 | AQ54: VANIA PRIMA DAMARA | AR54: 144-00-1950669-7 | AS54: MANDIRI | AT54: MALANG - KCP SUPRAPTO | AU54: primadamara@gmail.com
A55: 40 | B55: 12 | C55: 992080140 | D55: LAKSMI WIDYALANDARU ARSANDY | E55: DIGITAL MARKETING | F55: KONTRAK | G55: 44055 | H55: 44055 | K55: =DATEDIF(G55,$B$1,"Y") -> 0 | L55: =DATEDIF(G55,$B$1,"YM") -> 4 | O55: P | P55: ISLAM | Q55: JEMBER | R55: 33649 | S55: =DATEDIF(R55,$B$1,"Y") -> 28 | T55: =DATEDIF(R55,$B$1,"YM") -> 10 | U55: S1 | V55: ILMU KOMUNIKASI | X55: TK/0 | AJ55: 3515185502920004 | AK55: JL. KENONGO SARI NO 40 03/02 PAPELEGI WARU SIDOARJO | AL55: JL DANAU RANAU RAYA G6 F4 KEDUNGKANDANG MALANG | AP55: 081230422255 | AQ55: LAKSMI WIDYALANDARU ARSANDY | AR55: 144-00-1966974-3 | AS55: MANDIRI | AT55: MALANG - KCP SUPRAPTO | AU55: lwarsandy@gmail.com | AV55: BPJS TK
A56: 41 | B56: 13 | C56: 992080141 | D56: NOVITA RAHAYU | E56: DIGITAL MARKETING | F56: KONTRAK | G56: 44056 | H56: 44056 | K56: =DATEDIF(G56,$B$1,"Y") -> 0 | L56: =DATEDIF(G56,$B$1,"YM") -> 4 | O56: P | P56: ISLAM | Q56: SIDOARJO | R56: 33192 | S56: =DATEDIF(R56,$B$1,"Y") -> 30 | T56: =DATEDIF(R56,$B$1,"YM") -> 1 | U56: S1 | V56: SASTRA INGGRIS | X56: TK/1 | AJ56: 3515065511900002 | AK56: VILLA JASMINE 3 BLOK C2 N0 4 SIDOARJO | AL56: VILLA JASMINE 3 BLOK C2 N0 4 SIDOARJO | AP56: 08113330659 | AQ56: NOVITA RAHAYU | AR56: 144-00-1966975-5 | AS56: MANDIRI | AT56: MALANG - KCP SUPRAPTO | AU56: Novytasuparman@gmail.com
A57: 42 | B57: 14 | C57: 9920100148 | D57: HANGESTIYA NURANI MAHARDIKA | E57: PUBLIC RELATION | F57: KONTRAK | G57: 44113 | H57: 44113 | K57: =DATEDIF(G57,$B$1,"Y") -> 0 | L57: =DATEDIF(G57,$B$1,"YM") -> 2 | O57: P | P57: KRISTEN | Q57: BLITAR | R57: 35817 | S57: =DATEDIF(R57,$B$1,"Y") -> 22 | T57: =DATEDIF(R57,$B$1,"YM") -> 11 | U57: S1 | V57: KOMUNIKASI | W57: O | X57: TK/0 | AJ57: 3505116201480003 | AK57: DSN SIDODADI 003/002 SIDODADI GARUM BLITAR | AL57: DSN SIDODADI 003/002 SIDODADI GARUM BLITAR | AQ57: HANGESTIYA NURANI MAHARDIKA | AR57: 144-00-1980487-8 | AS57: MANDIRI | AT57: MALANG - KCP SUPRAPTO
A58: 43 | B58: 15 | C58: 9920110160 | D58: HIRAS JOSEP | E58: 3D ANIMATOR | F58: KONTRAK | G58: 44161 | H58: 44161 | K58: =DATEDIF(G58,$B$1,"Y") -> 0 | L58: =DATEDIF(G58,$B$1,"YM") -> 1 | O58: L | P58: KATHOLIK | Q58: BANDUNG | R58: 33492 | S58: =DATEDIF(R58,$B$1,"Y") -> 29 | T58: =DATEDIF(R58,$B$1,"YM") -> 3 | U58: S1 | V58: BAHASA INGGRIS | W58: A | X58: TK/0 | AJ58: 3273201109910003 | AK58: JL. TANJUNGSARI 4 NO. 37 ANTAPANI BANDUNG | AL58: JL. ABDUL QODIR JAELANI GG 4 NO. 7 KEDUNGKANDANG | AP58: 0895422508988 | AQ58: HIRAS JOSEP | AR58: 144-00-2002585-1 | AS58: MANDIRI | AT58: MALANG - KCP SUPRAPTO | AU58: hirasjosep@rocketmail.com
A59: 44 | B59: 16 | C59: 9920110161 | D59: RAISA KARINA PUTRI | E59: MARKETING MS SLIM | F59: KONTRAK | G59: 44169 | H59: 44169 | K59: =DATEDIF(G59,$B$1,"Y") -> 0 | L59: =DATEDIF(G59,$B$1,"YM") -> 1 | O59: P | P59: ISLAM | Q59: SURABAYA | R59: 34094 | S59: =DATEDIF(R59,$B$1,"Y") -> 27 | T59: =DATEDIF(R59,$B$1,"YM") -> 8 | U59: S2 | V59: MANAGEMENT MARKETING | W59: O | X59: TK/0 | AJ59: 3578054505930002 | AK59: DINOYO LOR 5 NO. 5 KEC. TEGALSARI KEL. KEPUTRAN RT.01 RW.03 SURABAYA | AL59: DINOYO LOR 5 NO. 5 KEC. TEGALSARI KEL. KEPUTRAN RT.01 RW.03 SURABAYA | AP59: 085731545593 | AQ59: RAISA KARINA PUTRI | AR59: 142-00-101879-3 | AS59: MANDIRI | AT59: SURABAYA | AU59: raisakp05@gmail.com
B61: PRODUCT
A62: 45 | B62: 1 | C62: 9920110155 | D62: MURYANTO EKO STYAWAN | E62: PPIC | F62: KONTRAK | G62: 44136 | H62: 44136 | K62: =DATEDIF(G62,$B$1,"Y") -> 0 | L62: =DATEDIF(G62,$B$1,"YM") -> 2 | O62: L | P62: ISLAM | Q62: SURABAYA | R62: 27052 | S62: =DATEDIF(R62,$B$1,"Y") -> 46 | T62: =DATEDIF(R62,$B$1,"YM") -> 11 | U62: S2 | V62: MAGISTER MANAGEMENT | W62: O | X62: TK/0 | AK62: NGAGEL DADI 03/11 SURABAYA | AL62: NGAGEL DADI 03/11 SURABAYA | AQ62: MURYANTO EKO STYAWAN | AR62: 142-00-1472886-8 | AS62: MANDIRI | AT62: MALANG - KCP SUPRAPTO
A63: 46 | B63: 2 | C63: 9918040001 | D63: CITRA DWI MURDIYANTI | E63: KORLAP | F63: KONTRAK | G63: 43202 | H63: 43202 | I63: 43567 | K63: =DATEDIF(G63,$B$1,"Y") -> 2 | L63: =DATEDIF(G63,$B$1,"YM") -> 8 | O63: P | P63: ISLAM | Q63: MALANG | R63: 33622 | S63: =DATEDIF(R63,$B$1,"Y") -> 28 | T63: =DATEDIF(R63,$B$1,"YM") -> 11 | U63: SMK | V63: APK | W63: B | X63: K/1 | Y63: RIFA'I SUNETH | Z63: 32043 | AA63: MUHAMMAD AL-AFZAN SUNETH | AB63: 40734 | AC63: =DATEDIF(AB63,$B$1,"Y") -> 9 | AD63: - | AE63: - | AF63: - | AJ63: 3573015901920008 | AK63: PURI CEMPAKA PUTIH 3 BG 11 RT.05 RW.06 - MALANG | AL63: JL. MASJID NO. 22 KLAGEN TAJINAN - MALANG | AO63: - | AP63: 081334178380 | AQ63: CITRA DWI MURDIYANTI | AR63: 144-00-1646938-6 | AS63: MANDIRI | AT63: MALANG - KCP SUPRAPTO | AU63: citradwimurdiyanti19@gmail.com | AV63: BPJS TK
A64: 47 | B64: 3 | C64: 9918040004 | D64: RIZHALDI ADHITYA | E64: SPV KEMASAN | F64: KONTRAK | G64: 43635 | H64: 43635 | K64: =DATEDIF(G64,$B$1,"Y") -> 1 | L64: =DATEDIF(G64,$B$1,"YM") -> 6 | O64: L | P64: ISLAM | Q64: MALANG | R64: 34991 | S64: =DATEDIF(R64,$B$1,"Y") -> 25 | T64: =DATEDIF(R64,$B$1,"YM") -> 2 | U64: SMK | V64: MULTIMEDIA | W64: O | X64: TK/0 | AJ64: 3573041910950004 | AK64: JL. IR RAIS I/42 RT.04 RW.02 MALANG | AL64: JL. IR RAIS I/42 RT.04 RW.02 MALANG | AO64: - | AP64: 082245659840 | AQ64: RIZHALDI ADHITYA | AR64: 144-00-1658954-8 | AS64: MANDIRI | AT64: MALANG - KCP SUPRAPTO | AU64: rizhaladit@gmail.com | AV64: BPJS TK
A65: 48 | B65: 4 | C65: 9919060026 | D65: TRESIA WIJAYA | E65: SPV BARANG JADI | F65: KONTRAK | G65: 43643 | H65: 43643 | K65: =DATEDIF(G65,$B$1,"Y") -> 1 | L65: =DATEDIF(G65,$B$1,"YM") -> 6 | O65: P | P65: ISLAM | Q65: MALANG | R65: 35602 | S65: =DATEDIF(R65,$B$1,"Y") -> 23 | T65: =DATEDIF(R65,$B$1,"YM") -> 6 | U65: S-1 | V65: AKUNTANSI | W65: O | X65: TK/0 | Y65: - | Z65: - | AA65: - | AB65: - | AC65: - | AD65: - | AE65: - | AF65: - | AG65: - | AH65: - | AI65: - | AJ65: 3573036106970005 | AK65: JL SEMANGGI NO 17 BUMIAYU KEDUNG KANDANG | AL65: JL SEMANGGI NO 17 BUMIAYU KEDUNG KANDANG | AP65: 082334819474 | AQ65: TRESIA WIJAYA | AR65: 144-00-1859539-4 | AS65: MANDIRI | AT65: MALANG - KCP SUPRAPTO | AV65: BPJS TK
A66: 49 | B66: 5 | C66: 9918040005 | D66: OKY ARI AFANDI | E66: ADMIN OFFICE | F66: KONTRAK | G66: 43202 | H66: 43202 | I66: 43567 | K66: =DATEDIF(G66,$B$1,"Y") -> 2 | L66: =DATEDIF(G66,$B$1,"YM") -> 8 | O66: L | P66: ISLAM | Q66: MALANG | R66: 33519 | S66: =DATEDIF(R66,$B$1,"Y") -> 29 | T66: =DATEDIF(R66,$B$1,"YM") -> 2 | U66: S-1 | V66: MANAJEMEN | W66: - | X66: TK/0 | Y66: - | Z66: - | AA66: - | AB66: - | AC66: - | AD66: - | AE66: - | AF66: - | AJ66: 3573040810910003 | AK66: JL. CANDI 5B/569 KEL. KARANGBESUKI- MALANG | AL66: JL. CANDI 5B/569 KEL. KARANGBESUKI- MALANG | AO66: - | AP66: 082236179998 | AQ66: OKY ARI AFANDI | AR66: 144-00-1647197-8 | AS66: MANDIRI | AT66: MALANG - KCP SUPRAPTO | AU66: ocky08traffict@gmail.com | AV66: BPJS TK
A67: 50 | B67: 6 | C67: 9918040020 | D67: MAULIANA | E67: PIC QC | F67: KONTRAK | G67: 43202 | H67: 43202 | I67: 43567 | K67: =DATEDIF(G67,$B$1,"Y") -> 2 | L67: =DATEDIF(G67,$B$1,"YM") -> 8 | O67: P | P67: ISLAM | Q67: MALANG | R67: 37047 | S67: =DATEDIF(R67,$B$1,"Y") -> 19 | T67: =DATEDIF(R67,$B$1,"YM") -> 7 | U67: SD | V67: - | W67: O | X67: TK/0 | Y67: - | Z67: - | AA67: - | AB67: - | AC67: - | AD67: - | AE67: - | AF67: - | AJ67: 3573034506010004 | AK67: JL. KH. MALIK DALAM BURING | AL67: JL. KH. MALIK DALAM BURING | AO67: - | AP67: 089649999391 | AQ67: MAULIANA | AR67: 144-00-1646943-6 | AS67: MANDIRI | AT67: MALANG - KCP SUPRAPTO | AU67: - | AV67: BPJS TK
A68: 51 | B68: 7 | C68: 9918040021 | D68: AHMAD MIFTACHUL ULUM | E68: PIC KEMASAN KELUAR | F68: KONTRAK | G68: 43202 | H68: 43202 | I68: 43567 | K68: =DATEDIF(G68,$B$1,"Y") -> 2 | L68: =DATEDIF(G68,$B$1,"YM") -> 8 | O68: L | P68: ISLAM | Q68: MALANG | R68: 35595 | S68: =DATEDIF(R68,$B$1,"Y") -> 23 | T68: =DATEDIF(R68,$B$1,"YM") -> 6 | U68: SMK | V68: KIMIA INDUSTRI | W68: O | X68: TK/0 | Y68: - | Z68: - | AA68: - | AB68: - | AC68: - | AD68: - | AE68: - | AF68: - | AJ68: 3507171406970001 | AK68: JL. BRAWIJAYA KEPUH RT.44/RW.11 SUKOPURO - JABUNG | AL68: JL. BRAWIJAYA KEPUH RT.44/RW.11 SUKOPURO - JABUNG | AO68: - | AP68: 085881092663 | AQ68: AHMAD MIFTAHUL ULUM | AR68: 144-00-1735805-9 | AS68: MANDIRI | AT68: MALANG - KCP SUPRAPTO | AU68: ahmadulum207@gmail.com | AV68: BPJS TK
A69: 52 | B69: 8 | C69: 9919060027 | D69: RIZKY NURCAHYO | E69: PIC KEMASAN MASUK | F69: KONTRAK | G69: 43643 | H69: 43643 | K69: =DATEDIF(G69,$B$1,"Y") -> 1 | L69: =DATEDIF(G69,$B$1,"YM") -> 6 | O69: L | P69: ISLAM | Q69: MALANG | R69: 32620 | S69: =DATEDIF(R69,$B$1,"Y") -> 31 | T69: =DATEDIF(R69,$B$1,"YM") -> 8 | U69: S-1 | V69: EKONOMI | W69: - | X69: K/1 | Y69: IDA AYU WULAN SARI | Z69: 34296 | AA69: - | AB69: - | AC69: - | AD69: - | AE69: - | AF69: - | AG69: - | AH69: - | AI69: - | AJ69: 3573052204890002 | AK69: JL SUMBERSARI V-B/383 MALANG | AL69: JL SUMBERSARI V-B/383 MALANG | AP69: 085815770855 | AQ69: RIZKY NURCAHYO | AR69: 144-00-1859536-0 | AS69: MANDIRI | AT69: MALANG - KCP SUPRAPTO | AV69: BPJS TK
A70: 53 | B70: 9 | C70: 9919090043 | D70: EKA MEINAL FITRI | E70: PIC STOCK / HEAD PACKING | F70: KONTRAK | G70: 43715 | H70: 43715 | K70: =DATEDIF(G70,$B$1,"Y") -> 1 | L70: =DATEDIF(G70,$B$1,"YM") -> 3 | O70: P | P70: ISLAM | Q70: MALANG | R70: 35575 | S70: =DATEDIF(R70,$B$1,"Y") -> 23 | T70: =DATEDIF(R70,$B$1,"YM") -> 7 | U70: S1 | V70: EKONOMI PEMBANGUNAN | W70: O | X70: TK/0 | Y70: - | Z70: - | AA70: - | AB70: - | AC70: - | AD70: - | AE70: - | AF70: - | AJ70: 3507056505970004 | AK70: JL POLAMAN RT/RW 007/014 DAMPIT MALANG | AL70: JL POLAMAN RT/RW 007/014 DAMPIT MALANG | AP70: 085536490517 | AQ70: EKA MEINAL FITRI | AR70: 144-00-1883076-7 | AS70: MANDIRI | AT70: MALANG - KCP SUPRAPTO | AV70: BPJS TK
A71: 55 | B71: 12 | C71: 9918040015 | D71: IRANING RAHAYU | E71: STAFF PACKING | F71: KONTRAK | G71: 43202 | H71: 43202 | I71: 43567 | K71: =DATEDIF(G71,$B$1,"Y") -> 2 | L71: =DATEDIF(G71,$B$1,"YM") -> 8 | O71: P | P71: ISLAM | Q71: MALANG | R71: 31895 | S71: =DATEDIF(R71,$B$1,"Y") -> 33 | T71: =DATEDIF(R71,$B$1,"YM") -> 8 | U71: SMP | V71: - | W71: A | X71: K/1 | Y71: MOCH. FAUJI | Z71: 29878 | AA71: NAILA FAUZIATUROHMA | AB71: 39899 | AC71: =DATEDIF(AB71,$B$1,"Y") -> 11 | AD71: - | AE71: - | AF71: - | AJ71: 3507156503870001 | AK71: JL. RADEN SALEH DSN PABRIAN RT.15/RW.03 BULULAWANG | AL71: JL. RADEN SALEH DSN PABRIAN RT.15/RW.03 BULULAWANG | AO71: - | AP71: 085646326911 | AQ71: IRANING RAHAYU | AR71: 144-00-1646944-4 | AS71: MANDIRI | AT71: MALANG - KCP SUPRAPTO | AU71: - | AV71: BPJS TK
A72: 56 | B72: 13 | C72: 9919060024 | D72: ELOK SETIA WIKANTI | E72: KOORDINATOR PACKING | F72: KONTRAK | G72: 43637 | H72: 43637 | K72: =DATEDIF(G72,$B$1,"Y") -> 1 | L72: =DATEDIF(G72,$B$1,"YM") -> 6 | O72: P | P72: ISLAM | Q72: MALANG | R72: 35179 | S72: =DATEDIF(R72,$B$1,"Y") -> 24 | T72: =DATEDIF(R72,$B$1,"YM") -> 8 | U72: SMK | V72: - | W72: O | X72: K/1 | Y72: SOFWAN HADI | Z72: 35214 | AA72: ALVARO BRIAN | AB72: 43317 | AC72: =DATEDIF(AB72,$B$1,"Y") -> 2 | AD72: - | AE72: - | AF72: - | AG72: - | AH72: - | AI72: - | AJ72: 3507136404960005 | AK72: KRAJAN BARAT 006/004 PAKIS KEMBAR PAKIS | AL72: KRAJAN BARAT 006/004 PAKIS KEMBAR PAKIS | AP72: 08157173742 | AQ72: ELOK SETIA WIKANTI | AR72: 144-00-1856942-3 | AS72: MANDIRI | AT72: MALANG - KCP SUPRAPTO | AV72: BPJS TK
A73: 57 | B73: 14 | C73: 9918040025 | D73: RIASULIS TIANING | E73: STAFF PACKING | F73: KONTRAK | G73: 43202 | H73: 43202 | I73: 43567 | K73: =DATEDIF(G73,$B$1,"Y") -> 2 | L73: =DATEDIF(G73,$B$1,"YM") -> 8 | O73: P | P73: ISLAM | Q73: MALANG | R73: 34056 | S73: =DATEDIF(R73,$B$1,"Y") -> 27 | T73: =DATEDIF(R73,$B$1,"YM") -> 9 | U73: SMP | V73: - | W73: - | X73: K/0 | Y73: AHMAD ARDIANTO | Z73: 33005 | AA73: - | AB73: - | AC73: - | AD73: - | AE73: - | AF73: - | AJ73: 3507185503930001 | AK73: DUSUN KARANGNONGKO RT.01/RW.01 DESA PUCANG SONGO - PAKIS | AL73: DUSUN KARANGNONGKO RT.01/RW.01 DESA PUCANG SONGO - PAKIS | AO73: - | AP73: 083848371870 | AQ73: RIASULIS TIANING | AR73: 144-00-1653063-3 | AS73: MANDIRI | AT73: MALANG - KCP SUPRAPTO | AV73: BPJS TK
A74: 58 | B74: 15 | C74: 9918040014 | D74: IMELDA SUNETH | E74: STAFF PACKING | F74: KONTRAK | G74: 43202 | H74: 43202 | I74: 43567 | K74: =DATEDIF(G74,$B$1,"Y") -> 2 | L74: =DATEDIF(G74,$B$1,"YM") -> 8 | O74: P | P74: ISLAM | Q74: WAKAL | R74: 31591 | S74: =DATEDIF(R74,$B$1,"Y") -> 34 | T74: =DATEDIF(R74,$B$1,"YM") -> 6 | U74: SMK | V74: AKUNTANSI | W74: O | X74: TK/0 | Y74: - | Z74: - | AA74: - | AB74: - | AC74: - | AD74: - | AE74: - | AF74: - | AJ74: 8101156806860002 | AK74: WIK GANEMO - WAKAL KEC. LEIHITU | AL74: JL. MASJID RT.05 RW.03 KLAGEN, TAJINAN - MALANG | AO74: - | AP74: 081391122559 | AQ74: IMELDA SUNETH | AR74: 144-00-1653065-8 | AS74: MANDIRI | AT74: MALANG - KCP SUPRAPTO | AU74: -
A75: 59 | B75: 16 | C75: 9918040022 | D75: NOFITASARI | E75: STAFF PACKING | F75: KONTRAK | G75: 43202 | H75: 43202 | I75: 43567 | K75: =DATEDIF(G75,$B$1,"Y") -> 2 | L75: =DATEDIF(G75,$B$1,"YM") -> 8 | O75: P | P75: ISLAM | Q75: MALANG | R75: 35068 | S75: =DATEDIF(R75,$B$1,"Y") -> 25 | T75: =DATEDIF(R75,$B$1,"YM") -> 0 | U75: SMP | V75: - | W75: O | X75: TK/0 | Y75: - | Z75: - | AA75: - | AB75: - | AC75: - | AD75: - | AE75: - | AF75: - | AJ75: 3507184401960005 | AK75: DSN COKRO RT.04/RW.02 SUKOANYAR PAKIS | AL75: DSN COKRO RT.04/RW.02 SUKOANYAR PAKIS | AO75: - | AP75: 085755763644 | AQ75: NOFITA SARI | AR75: 144-00-1735733-3 | AS75: MANDIRI | AT75: MALANG - KCP SUPRAPTO | AV75: BPJS TK
A76: 60 | B76: 17 | C76: 9918080036 | D76: USMAN AINUR RIZKY | E76: BARCODE | F76: KONTRAK | G76: 43330 | H76: 43330 | I76: 43695 | K76: =DATEDIF(G76,$B$1,"Y") -> 2 | L76: =DATEDIF(G76,$B$1,"YM") -> 4 | O76: L | P76: ISLAM | Q76: MALANG | R76: 36332 | S76: =DATEDIF(R76,$B$1,"Y") -> 21 | T76: =DATEDIF(R76,$B$1,"YM") -> 6 | U76: SMA | V76: - | W76: - | X76: TK/0 | Y76: - | Z76: - | AA76: - | AB76: - | AC76: - | AD76: - | AE76: - | AF76: - | AJ76: 3507092106990007 | AK76: JL KH HASYIM ASYARI006/002 SANAN REJO | AL76: JL KH HASYIM ASYARI006/002 SANAN REJO | AO76: - | AP76: 085804574321 | AQ76: USMAN AINUR RIZKY | AR76: 144-00-1780233-8 | AS76: MANDIRI | AT76: MALANG - KCP SUPRAPTO | AV76: BPJS TK
A77: 61 | B77: 18 | C77: 9919010008 | D77: MOCHAMMAD BAGUS FEBRIYANTO | E77: CODDING | F77: KONTRAK | G77: 43475 | H77: 43475 | I77: 43840 | K77: =DATEDIF(G77,$B$1,"Y") -> 1 | L77: =DATEDIF(G77,$B$1,"YM") -> 11 | O77: L | P77: ISLAM | Q77: MALANG | R77: 35692 | S77: =DATEDIF(R77,$B$1,"Y") -> 23 | T77: =DATEDIF(R77,$B$1,"YM") -> 3 | U77: SMK | V77: TI | W77: - | X77: TK/0 | Y77: - | Z77: - | AA77: - | AB77: - | AC77: - | AD77: - | AE77: - | AF77: - | AJ77: 3573051111970002 | AK77: JL. IKAN GURAMI II/22 RT.04/RW.06 TUNJUNGSEKAR - LOWOKWARU | AL77: JL. IKAN GURAMI II/22 RT.04/RW.06 TUNJUNGSEKAR - LOWOKWARU | AO77: - | AP77: 085230974949 | AQ77: MOCHAMMAD BAGUS FEBRIYANTO | AR77: 144-00-1811570-6 | AS77: MANDIRI | AT77: MALANG - KCP SUPRAPTO | AV77: BPJS TK
A78: 62 | B78: 19 | C78: 9919010007 | D78: SURYA ADI YAHYA | E78: CODDING | F78: KONTRAK | G78: 43474 | H78: 43474 | I78: 43839 | K78: =DATEDIF(G78,$B$1,"Y") -> 1 | L78: =DATEDIF(G78,$B$1,"YM") -> 11 | O78: L | P78: ISLAM | Q78: MALANG | R78: 35122 | S78: =DATEDIF(R78,$B$1,"Y") -> 24 | T78: =DATEDIF(R78,$B$1,"YM") -> 10 | U78: SMK | V78: OTOMOTIF | W78: - | X78: TK/0 | Y78: - | Z78: - | AA78: - | AB78: - | AC78: - | AD78: - | AE78: - | AF78: - | AJ78: 3507242702960003 | AK78: PRODO RT.02/RW.07 KLAMPOK - SINGOSARI | AL78: PRODO RT.02/RW.07 KLAMPOK - SINGOSARI | AO78: - | AP78: 085746965895 | AQ78: SURYA ADI YAHYA | AR78: 144-00-1811575-5 | AS78: MANDIRI | AT78: MALANG - KCP SUPRAPTO | AV78: BPJS TK
A79: 63 | B79: 20 | C79: 9919010009 | D79: PUTRI SILVIA ERVANI | E79: STAFF PACKING | F79: KONTRAK | G79: 43481 | H79: 43481 | I79: 43846 | K79: =DATEDIF(G79,$B$1,"Y") -> 1 | L79: =DATEDIF(G79,$B$1,"YM") -> 11 | O79: P | P79: ISLAM | Q79: MALANG | R79: 35716 | S79: =DATEDIF(R79,$B$1,"Y") -> 23 | T79: =DATEDIF(R79,$B$1,"YM") -> 2 | U79: SMA | V79: IPA | W79: - | X79: TK/0 | Y79: - | Z79: - | AA79: - | AB79: - | AC79: - | AD79: - | AE79: - | AF79: - | AJ79: 3507185310970003 | AK79: DSN TERONGDOWO RT.04/RW.12 TIRTOMOYO - PAKIS | AL79: DSN TERONGDOWO RT.04/RW.12 TIRTOMOYO - PAKIS | AO79: - | AP79: 085850389180 | AQ79: PUTRI SILVIA ERVANI | AR79: 144-00-1811484-0 | AS79: MANDIRI | AT79: MALANG - KCP SUPRAPTO | AV79: BPJS TK
A80: 64 | B80: 21 | C80: 9919040017 | D80: RIMA RAHMAWATI | E80: STAFF PACKING | F80: KONTRAK | G80: 43556 | H80: 43556 | I80: 43922 | K80: =DATEDIF(G80,$B$1,"Y") -> 1 | L80: =DATEDIF(G80,$B$1,"YM") -> 9 | O80: P | P80: ISLAM | Q80: MALANG | R80: 34781 | S80: =DATEDIF(R80,$B$1,"Y") -> 25 | T80: =DATEDIF(R80,$B$1,"YM") -> 9 | U80: SMK | V80: AKUNTANSI | W80: O | X80: TK/0 | AJ80: 3573046303950002 | AK80: JL GADANG XB /29 RT 04/RW 05 | AL80: JL GADANG XB /29 RT 04/RW 05 | AO80: - | AP80: 081216056717 | AQ80: RIMA RAHMAWATI | AR80: 144-00-1836298-5 | AS80: MANDIRI | AT80: MALANG - KCP SUPRAPTO | AU80: rimarahmawati806@gmail.com | AV80: BPJS TK
A81: 65 | B81: 22 | C81: 9918120041 | D81: MUHAMMAD NUR SHODIQ | E81: GUDANG | F81: KONTRAK | G81: 43435 | H81: 43435 | I81: 43800 | K81: =DATEDIF(G81,$B$1,"Y") -> 2 | L81: =DATEDIF(G81,$B$1,"YM") -> 1 | O81: L | P81: ISLAM | Q81: BOJONEGORO | R81: 35297 | S81: =DATEDIF(R81,$B$1,"Y") -> 24 | T81: =DATEDIF(R81,$B$1,"YM") -> 4 | U81: SMA | V81: - | W81: - | X81: TK/0 | Y81: - | Z81: - | AA81: - | AB81: - | AC81: - | AD81: - | AE81: - | AF81: - | AJ81: 3522082008960005 | AK81: JL. ARGOPURO KECAMATAN LAWANG RT.03/RW.08 - LAWANG | AL81: JL. ARGOPURO KECAMATAN LAWANG RT.03/RW.08 - LAWANG | AO81: - | AP81: 085791990276 | AQ81: MUHAMMAD NUR SHODIQ | AR81: 144-00-1799365-7 | AS81: MANDIRI | AT81: MALANG - KCP SUPRAPTO | AV81: BPJS TK
A82: 66 | B82: 23 | C82: 9918100039 | D82: SLAMET ARISUSANTO | E82: GUDANG | F82: KONTRAK | G82: 43398 | H82: 43398 | I82: 72618 | K82: =DATEDIF(G82,$B$1,"Y") -> 2 | L82: =DATEDIF(G82,$B$1,"YM") -> 2 | O82: L | P82: ISLAM | Q82: MALANG | R82: 32168 | S82: =DATEDIF(R82,$B$1,"Y") -> 32 | T82: =DATEDIF(R82,$B$1,"YM") -> 11 | U82: SMA | V82: - | W82: - | X82: K/1 | Y82: WINDIAWATI | Z82: 34974 | AA82: - | AB82: - | AC82: - | AD82: - | AE82: - | AF82: - | AJ82: 3507272601880001 | AK82: JL KEPUH VI A / 35 RT/RW 004/005 BANDUNG REJOSARI | AL82: JL KEPUH VI A / 35 RT/RW 004/005 BANDUNG REJOSARI | AO82: - | AP82: 085736079524 | AQ82: SLAMET ARISUSANTO | AR82: 144-00-1787709-0 | AS82: MANDIRI | AT82: MALANG - KCP SUPRAPTO | AV82: BPJS TK
A83: 67 | B83: 24 | C83: 9919060023 | D83: NURUL KOMARIYAH | E83: STAFF PACKING | F83: KONTRAK | G83: 43637 | H83: 43637 | K83: =DATEDIF(G83,$B$1,"Y") -> 1 | L83: =DATEDIF(G83,$B$1,"YM") -> 6 | O83: P | P83: ISLAM | Q83: MALANG | R83: 35963 | S83: =DATEDIF(R83,$B$1,"Y") -> 22 | T83: =DATEDIF(R83,$B$1,"YM") -> 6 | U83: SMK | V83: TKJ | W83: B | X83: TK/0 | Y83: - | Z83: - | AA83: - | AB83: - | AC83: - | AD83: - | AE83: - | AF83: - | AG83: - | AH83: - | AI83: - | AJ83: 3573035706980003 | AK83: JL KI AGENG GRIBIG VI / 10 RT RW 005/002 LESANPURO KEDUNG KANDANG | AL83: JL KI AGENG GRIBIG VI / 10 RT RW 005/002 LESANPURO KEDUNG KANDANG | AP83: 085759643083 | AQ83: NURUL KOMARIYAH | AR83: 144-00-1856940-7 | AS83: MANDIRI | AT83: MALANG - KCP SUPRAPTO | AV83: BPJS TK
A84: 68 | B84: 25 | C84: 9919060025 | D84: NURUL ULANDARI | E84: STAFF PACKING | F84: KONTRAK | G84: 43643 | H84: 43643 | K84: =DATEDIF(G84,$B$1,"Y") -> 1 | L84: =DATEDIF(G84,$B$1,"YM") -> 6 | O84: P | P84: ISLAM | Q84: MALANG | R84: 34527 | S84: =DATEDIF(R84,$B$1,"Y") -> 26 | T84: =DATEDIF(R84,$B$1,"YM") -> 5 | U84: SMA | V84: - | W84: O | X84: K/1 | Y84: EKO WINARTO | Z84: 30882 | AA84: ALEA SYAKIRA AHILZHAH | AB84: 43022 | AC84: =DATEDIF(AB84,$B$1,"Y") -> 3 | AD84: - | AE84: - | AF84: - | AG84: - | AH84: - | AI84: - | AJ84: 3573035207940005 | AK84: JL IR H JUANDA I / 1988 RT 04 RW 02 JODIPAN | AL84: JL IR H JUANDA I / 1988 RT 04 RW 02 JODIPAN | AP84: 083834565210 | AQ84: NURUL ULANDARI | AR84: 144-00-1859542-8 | AS84: MANDIRI | AT84: MALANG - KCP SUPRAPTO | AV84: BPJS TK
A85: 69 | B85: 26 | C85: 9919070029 | D85: QUROTUL FITRIAH | E85: STAFF PACKING | F85: KONTRAK | G85: 43651 | H85: 43651 | K85: =DATEDIF(G85,$B$1,"Y") -> 1 | L85: =DATEDIF(G85,$B$1,"YM") -> 6 | O85: P | P85: ISLAM | Q85: MALANG | R85: 34416 | S85: =DATEDIF(R85,$B$1,"Y") -> 26 | T85: =DATEDIF(R85,$B$1,"YM") -> 9 | U85: SMK | V85: TKJ | W85: O | X85: TK/0 | Y85: - | Z85: - | AA85: - | AB85: - | AC85: - | AD85: - | AE85: - | AF85: - | AG85: - | AH85: - | AI85: - | AJ85: 3507176303940002 | AK85: JL KAMPUNG ANYAR 003 / 001 SUKOLILO JABUNG | AL85: JL KAMPUNG ANYAR 003 / 001 SUKOLILO JABUNG | AP85: 081554272114 | AQ85: QUROTUL FITRIAH | AR85: 144-00-1861637-2 | AS85: MANDIRI | AT85: MALANG - KCP SUPRAPTO | AV85: BPJS TK
A86: 70 | B86: 27 | C86: 9919070030 | D86: NASIRUDDIN | E86: QC KEMASAN | F86: KONTRAK | G86: 43656 | H86: 43656 | K86: =DATEDIF(G86,$B$1,"Y") -> 1 | L86: =DATEDIF(G86,$B$1,"YM") -> 5 | O86: L | P86: ISLAM | Q86: PAMEKASAN | R86: 33241 | S86: =DATEDIF(R86,$B$1,"Y") -> 30 | T86: =DATEDIF(R86,$B$1,"YM") -> 0 | U86: SMA | V86: IPA | X86: K/1 | Y86: INDAH NUR.A | Z86: 34274 | AA86: ARINDITA EKA PRASISTA | AB86: 43476 | AC86: =DATEDIF(AB86,$B$1,"Y") -> 1 | AD86: - | AE86: - | AF86: - | AG86: - | AH86: - | AI86: - | AJ86: 3528050307900003 | AK86: DSN KEBONKUTO 013/004 SUKODADI WAGIR | AL86: DSN KEBONKUTO 013/004 SUKODADI WAGIR | AP86: 082237636639 | AQ86: NASIRUDDIN | AR86: 144-00-1861641-4 | AS86: MANDIRI | AT86: MALANG - KCP SUPRAPTO | AV86: BPJS TK
A87: 71 | B87: 28 | C87: 9919070032 | D87: EKO GALIH W | E87: CODDING | F87: KONTRAK | G87: 43656 | H87: 43656 | K87: =DATEDIF(G87,$B$1,"Y") -> 1 | L87: =DATEDIF(G87,$B$1,"YM") -> 5 | O87: L | P87: ISLAM | Q87: MALANG | R87: 35573 | S87: =DATEDIF(R87,$B$1,"Y") -> 23 | T87: =DATEDIF(R87,$B$1,"YM") -> 7 | U87: SMK | V87: ANIMASI | W87: O | X87: TK/0 | Y87: - | Z87: - | AA87: - | AB87: - | AC87: - | AD87: - | AE87: - | AF87: - | AG87: - | AH87: - | AI87: - | AJ87: 3507182305970002 | AK87: SINDUREJO 004/003 BANJAREJO | AL87: SINDUREJO 004/003 BANJAREJO | AP87: 082232716259 | AQ87: EKO GALIH W | AR87: 144-00-1861646-3 | AS87: MANDIRI | AT87: MALANG - KCP SUPRAPTO | AV87: BPJS TK
A88: 72 | B88: 29 | C88: 9919070033 | D88: MAS'UD DIANTONI R | E88: QC KEMASAN | F88: KONTRAK | G88: 43656 | H88: 43656 | K88: =DATEDIF(G88,$B$1,"Y") -> 1 | L88: =DATEDIF(G88,$B$1,"YM") -> 5 | O88: L | P88: ISLAM | Q88: MALANG | R88: 33363 | S88: =DATEDIF(R88,$B$1,"Y") -> 29 | T88: =DATEDIF(R88,$B$1,"YM") -> 8 | U88: SMK | V88: PERMESINAN | X88: K/1 | Y88: ISROTUL MUFIDAH | Z88: 33257 | AA88: AZURA JASMINE PUTRI R | AB88: 42535 | AC88: =DATEDIF(AB88,$B$1,"Y") -> 4 | AD88: - | AE88: - | AF88: - | AG88: - | AH88: - | AI88: - | AJ88: 3507150505910002 | AK88: DUSUN KRAJAN 018/004 JATISARI TAJINAN | AL88: DUSUN KRAJAN 018/004 JATISARI TAJINAN | AP88: 082301916818 | AQ88: MAS'UD DIANTONI R | AR88: 144-00-1861650-5 | AS88: MANDIRI | AT88: MALANG - KCP SUPRAPTO | AV88: BPJS TK
A89: 73 | B89: 30 | C89: 9919070034 | D89: SITI KHOIROTUL M | E89: STAFF PACKING | F89: KONTRAK | G89: 43656 | H89: 43656 | K89: =DATEDIF(G89,$B$1,"Y") -> 1 | L89: =DATEDIF(G89,$B$1,"YM") -> 5 | O89: P | P89: ISLAM | Q89: MALANG | R89: 35973 | S89: =DATEDIF(R89,$B$1,"Y") -> 22 | T89: =DATEDIF(R89,$B$1,"YM") -> 6 | U89: SMK | V89: TKJ | W89: O | X89: TK/0 | Y89: - | Z89: - | AA89: - | AB89: - | AC89: - | AD89: - | AE89: - | AF89: - | AG89: - | AH89: - | AI89: - | AJ89: 3507166706990001 | AK89: DUSUN GLANGGANG 024 / 008 SLAMET TUMPANG | AL89: DUSUN GLANGGANG 024 / 008 SLAMET TUMPANG | AP89: 082248969933 | AQ89: SITI KHOIRITUL M | AR89: 144-00-1861652-1 | AS89: MANDIRI | AT89: MALANG - KCP SUPRAPTO
A90: 74 | B90: 31 | C90: 9919070035 | D90: RIBUT PURNOMO | E90: QUALITY CONTROL | F90: KONTRAK | G90: 43668 | H90: 43668 | K90: =DATEDIF(G90,$B$1,"Y") -> 1 | L90: =DATEDIF(G90,$B$1,"YM") -> 5 | O90: L | P90: ISLAM | Q90: MALANG | R90: 33288 | S90: =DATEDIF(R90,$B$1,"Y") -> 29 | T90: =DATEDIF(R90,$B$1,"YM") -> 10 | U90: SMA | W90: B | X90: K/1 | Y90: PUTRI SUKMA | Z90: - | AA90: - | AB90: - | AC90: - | AD90: - | AE90: - | AF90: - | AG90: - | AH90: - | AI90: - | AJ90: 3573031902910002 | AK90: LESANPURO XII 005/009 LESANPURO KEDUNG KANDANG | AL90: LESANPURO XII 005/009 LESANPURO KEDUNG KANDANG | AP90: 083839611906 | AQ90: RIBUT PURNOMO | AR90: 144-00-1867410-8 | AS90: MANDIRI | AT90: MALANG - KCP SUPRAPTO | AV90: BPJS TK
A91: 75 | B91: 32 | C91: 9919080040 | D91: AYU GUSTIKA | E91: STAFF PACKING | F91: KONTRAK | G91: 43684 | H91: 43684 | K91: =DATEDIF(G91,$B$1,"Y") -> 1 | L91: =DATEDIF(G91,$B$1,"YM") -> 4 | O91: P | P91: ISLAM | Q91: JOMBANG | R91: 35051 | S91: =DATEDIF(R91,$B$1,"Y") -> 25 | T91: =DATEDIF(R91,$B$1,"YM") -> 0 | U91: SMK | W91: AB | X91: TK/0 | Y91: - | Z91: - | AA91: - | AB91: - | AC91: - | AD91: - | AE91: - | AF91: - | AG91: - | AH91: - | AI91: - | AJ91: 3573045812950004 | AK91: JL KWOKA BLOK Q26 004/007 KARANGBESUKI SUKUN | AL91: JL KWOKA BLOK Q26 004/007 KARANGBESUKI SUKUN | AP91: 082264353038 | AQ91: AYU GUSTIKA | AR91: 144-00-1869976-6 | AS91: MANDIRI | AT91: MALANG - KCP SUPRAPTO | AV91: BPJS TK
A92: 76 | B92: 33 | C92: 9919120059 | D92: JEJEN SOPIANDI | E92: STAF PACKING | F92: KONTRAK | G92: 43809 | H92: 43810 | K92: =DATEDIF(G92,$B$1,"Y") -> 1 | L92: =DATEDIF(G92,$B$1,"YM") -> 0 | O92: L | P92: ISLAM | Q92: GARUT | R92: 32885 | S92: =DATEDIF(R92,$B$1,"Y") -> 30 | T92: =DATEDIF(R92,$B$1,"YM") -> 11 | U92: SMA | V92: IPA | W92: O | X92: K/1 | Y92: STIK SAPUTRI | Z92: 34237 | AA92: GWEEN VISTA NEBIA W.K | AB92: 43342 | AC92: =DATEDIF(AB92,$B$1,"Y") -> 2 | AD92: - | AE92: - | AF92: - | AG92: - | AH92: - | AI92: - | AJ92: 3573011201900005 | AK92: MENDET BARAT, RT/RW 002/002 MANGLIAWAN PAKIS, MALANG | AL92: MENDET BARAT, RT/RW 002/002 MANGLIAWAN PAKIS, MALANG | AP92: 087757638744 | AQ92: JEJEN SOPIANDI | AR92: 144-00-1908254-1 | AS92: MANDIRI | AT92: MALANG - KCP SUPRAPTO | AV92: BPJS TK
A93: 77 | B93: 34 | C93: 992010100 | D93: MUHAMMAD RIF'AN | E93: QC | F93: KONTRAK | G93: 43851 | H93: 43851 | K93: =DATEDIF(G93,$B$1,"Y") -> 0 | L93: =DATEDIF(G93,$B$1,"YM") -> 11 | O93: L | P93: ISLAM | Q93: MALANG | R93: 36365 | S93: =DATEDIF(R93,$B$1,"Y") -> 21 | T93: =DATEDIF(R93,$B$1,"YM") -> 5 | U93: SMK | V93: BISNIS MARKETING | W93: B | X93: K/1 | AJ93: 3507182407990001 | AK93: DSN JEBUK RT 020 RW003 DS SUMBERKRADENAN, PAKIS , MALANG | AL93: DSN JEBUK RT 020 RW003 DS SUMBERKRADENAN, PAKIS , MALANG | AP93: 082331745815 | AQ93: MUHAMMAD RIF'AN | AR93: 144-00-1918814-0 | AS93: MANDIRI | AT93: MALANG - KCP SUPRAPTO
A94: 78 | B94: 35 | C94: 992010102 | D94: ALFAN PUTRA STIAWAN | E94: QC | F94: KONTRAK | G94: 43851 | H94: 43851 | K94: =DATEDIF(G94,$B$1,"Y") -> 0 | L94: =DATEDIF(G94,$B$1,"YM") -> 11 | O94: L | P94: ISLAM | Q94: MALANG | R94: 35559 | S94: =DATEDIF(R94,$B$1,"Y") -> 23 | T94: =DATEDIF(R94,$B$1,"YM") -> 7 | U94: SMK | V94: GRAFIKA | X94: K/1 | AJ94: 3507180905970001 | AK94: JL DAHLIA RT 02 RW 04 BUNUT KIDUL ASRIKATON, PAKIS, MALANG | AL94: JL DAHLIA RT 02 RW 04 BUNUT KIDUL ASRIKATON, PAKIS, MALANG | AP94: 083119704733 | AQ94: ALFAN PUTRA STIAWAN | AR94: 144-00-1918989-0 | AS94: MANDIRI | AT94: MALANG - KCP SUPRAPTO | AV94: BPJS TK
A95: 79 | B95: 36 | C95: 9919120061 | D95: JATI SURYADI | E95: GUDANG | F95: KONTRAK | G95: 43811 | H95: 43811 | K95: =DATEDIF(G95,$B$1,"Y") -> 1 | L95: =DATEDIF(G95,$B$1,"YM") -> 0 | O95: L | P95: ISLAM | Q95: MALANG | R95: 35537 | S95: =DATEDIF(R95,$B$1,"Y") -> 23 | T95: =DATEDIF(R95,$B$1,"YM") -> 8 | U95: SMK | V95: OTOMOTIF | X95: TK/0 | AJ95: 3507181703970004 | AK95: PAKIS KEMBAR DSN JAMBON RT/RW 04/02 PAKIS | AL95: PAKIS KEMBAR DSN JAMBON RT/RW 04/02 PAKIS | AP95: 081338546457 | AQ95: JATI SURYADI | AR95: 144-00-1908253-3 | AS95: MANDIRI | AT95: MALANG - KCP SUPRAPTO | AV95: BPJS TK
A96: 80 | B96: 37 | C96: 992070135 | D96: ACHMAD ROSYID FIRMANSYAH | E96: KORLAP | F96: KONTRAK | G96: 44038 | H96: 44038 | K96: =DATEDIF(G96,$B$1,"Y") -> 0 | L96: =DATEDIF(G96,$B$1,"YM") -> 5 | O96: L | P96: ISLAM | Q96: MALANG | R96: 34691 | S96: =DATEDIF(R96,$B$1,"Y") -> 26 | T96: =DATEDIF(R96,$B$1,"YM") -> 0 | U96: SMK | V96: TKJ | W96: A+ | X96: TK/0 | AJ96: 3573032312940009 | AK96: PURI CEMPAKA PUTIH 1 BLOK P9 004/005 ARJOWINANGUN KEDUNGKANDANG MALANG | AL96: PURI CEMPAKA PUTIH 1 BLOK P9 004/005 ARJOWINANGUN KEDUNGKANDANG MALANG | AP96: 082229043624 | AQ96: ACHMAD ROSYID FIRMANSYAH | AR96: 144-00-1959204-4 | AS96: MANDIRI | AT96: MALANG - KCP SUPRAPTO
A97: 81 | B97: 38 | C97: 9920110160 | D97: HARRYS APRILIAN | E97: FOREMAN PRODUKSI | F97: KONTRAK | G97: 44151 | H97: 44151 | K97: =DATEDIF(G97,$B$1,"Y") -> 0 | L97: =DATEDIF(G97,$B$1,"YM") -> 1 | O97: L | P97: ISLAM | Q97: MALANG | R97: 33373 | S97: =DATEDIF(R97,$B$1,"Y") -> 29 | T97: =DATEDIF(R97,$B$1,"YM") -> 7 | U97: D1 | V97: ILMU KOMPUTER | X97: TK/0 | AJ97: 3507251504910006 | AK97: JL MADUKORO NO 216 03/04 LAWANG MALANG | AL97: JL MADUKORO NO 216 03/04 LAWANG MALANG | AP97: 085815232056 | AQ97: HARRYS APRILIAN | AR97: 144-00-1997247-7 | AS97: MANDIRI | AT97: MALANG - KCP SUPRAPTO
A98: 82 | B98: 39 | C98: 9919070038 | D98: SUWARNO | E98: PIC STOCK | F98: KONTRAK | G98: 44182 | H98: 44182 | K98: =DATEDIF(G98,$B$1,"Y") -> 0 | L98: =DATEDIF(G98,$B$1,"YM") -> 0 | O98: L | P98: ISLAM | Q98: BOJONEGORO | R98: 30183 | S98: =DATEDIF(R98,$B$1,"Y") -> 38 | T98: =DATEDIF(R98,$B$1,"YM") -> 4 | U98: S1 | V98: FISIKA | W98: O | X98: K/1 | Y98: IMROATUS SOLICHAH | Z98: 32445 | AA98: ADZKIA ZAHRA RAMADHANI | AB98: 41805 | AC98: =DATEDIF(AB98,$B$1,"Y") -> 6 | AD98: - | AE98: - | AF98: - | AG98: - | AH98: - | AI98: - | AJ98: 3573052008820002 | AK98: DUSUN SEKAR PUTIH 006/002 SUMBEREJO SUKODONO LUMAJANG | AL98: GRIYA BURING PERMAI BLOK F-16 KH MALIK DALAM BURING MALANG | AP98: 081334996620 | AQ98: SUWARNO | AR98: 144-00-1868059-2 | AS98: MANDIRI | AT98: MALANG - KCP SUPRAPTO
A99: 83 | B99: 41 | C99: 992110168 | D99: SABILA ALMIRANDA | E99: ADMIN PRODUCT | F99: KONTRAK | G99: 44200 | H99: 44200 | K99: =DATEDIF(G99,$B$1,"Y") -> 0 | L99: =DATEDIF(G99,$B$1,"YM") -> 0 | O99: P | P99: ISLAM | Q99: MALANG | R99: 35077 | S99: =DATEDIF(R99,$B$1,"Y") -> 24 | T99: =DATEDIF(R99,$B$1,"YM") -> 11 | U99: S1 | V99: MANAJEMEN | W99: B | X99: TK/0 | AJ99: 3573035301960003 | AK99: JL SELAT SUNDA V D5 NO 58 RT/RW 008/011 KEL LESANPURO KEC KEDUNGKANDANG | AL99: JL SELAT SUNDA V D5 NO 58 RT/RW 008/011 KEL LESANPURO KEC KEDUNGKANDANG | AP99: 0811320845 | AQ99: SABILA ALMIRANDA | AR99: 144-00-2006176-5 | AS99: MANDIRI | AT99: MALANG - KCP SAWOJAJAR | AU99: sabilalmiranda1@gmail.com
A100: 84 | B100: 42 | C100: 992110169 | D100: RISKA OCTAVIA DWIPAYANTI | E100: ADMIN PRODUCT | F100: KONTRAK | G100: 44200 | H100: 44200 | K100: =DATEDIF(G100,$B$1,"Y") -> 0 | L100: =DATEDIF(G100,$B$1,"YM") -> 0 | O100: P | P100: ISLAM | Q100: BONTANG | R100: 35714 | S100: =DATEDIF(R100,$B$1,"Y") -> 23 | T100: =DATEDIF(R100,$B$1,"YM") -> 2 | U100: D4 | V100: ADMINISTRASI NIAGA | W100: B | X100: TK/0 | AJ100: 6474015110970004 | AK100: JL DUKU BLOK N NO 1A BTN PKT KEL BELIMBING KEC BONTANG BARAT KOTA BONTANG KALTIM | AL100: JL KESUMBA DALAM NO 13 JATIMULYO LOWOKWARI KOTA MALANG | AP100: 082234560623 | AQ100: RISKA OCTAVIA DWIPAYANTI | AS100: MANDIRI | AT100: MALANG - KCP SUPRAPTO | AU100: dp.riskaoctavia@gmail.com
B102: HUMAN RECOURCE DEV
A103: 85 | B103: 1 | C103: 9919010010 | D103: KUSNUL YULIARIANTO | E103: KORLAP DRIVER | F103: KONTRAK | G103: 43496 | H103: 43496 | I103: 43861 | K103: =DATEDIF(G103,$B$1,"Y") -> 1 | L103: =DATEDIF(G103,$B$1,"YM") -> 11 | O103: L | P103: ISLAM | Q103: MALANG | R103: 31595 | S103: =DATEDIF(R103,$B$1,"Y") -> 34 | T103: =DATEDIF(R103,$B$1,"YM") -> 6 | U103: SMK | V103: TEKNIK LISTRIK | W103: - | X103: K/2 | Y103: NURKARMIA | Z103: - | AA103: NAFESA AZUKA | AB103: - | AC103: - | AD103: - | AE103: - | AF103: - | AJ103: 3507210207860002 | AK103: JL. PARANGARGO RT.09 RW.02 KEC WAGIR | AL103: JL. PARANGARGO RT.09 RW.02 KEC WAGIR | AO103: - | AP103: 083834658898 | AQ103: KUSNUL YULIARIANTO | AR103: 144-00-1818513-9 | AS103: MANDIRI | AT103: MALANG - KCP SUPRAPTO | AU103: gandulnoel@gmail.com | AV103: BPJS TK
A104: 86 | B104: 2 | C104: 9918040026 | D104: SANTARI | E104: DRIVER | F104: KONTRAK | G104: 43202 | H104: 43202 | I104: 43567 | K104: =DATEDIF(G104,$B$1,"Y") -> 2 | L104: =DATEDIF(G104,$B$1,"YM") -> 8 | O104: L | P104: ISLAM | Q104: MALANG | R104: 23563 | S104: =DATEDIF(R104,$B$1,"Y") -> 56 | T104: =DATEDIF(R104,$B$1,"YM") -> 6 | U104: SD | V104: - | W104: - | X104: K/1 | Y104: YAYUK | Z104: 25826 | AA104: M. ALDIN RIFANDI | AB104: 36272 | AC104: =DATEDIF(AB104,$B$1,"Y") -> 21 | AD104: - | AG104: - | AH104: - | AI104: - | AJ104: 3507220507640001 | AK104: DUSUN SUMBEREJO RT.04/RW.02 KALISONGO - DAU | AL104: DUSUN SUMBEREJO RT.04/RW.02 KALISONGO - DAU | AO104: - | AP104: - | AQ104: SANTARI | AR104: 144-00-1700690-6 | AS104: MANDIRI | AT104: MALANG - KCP SUPRAPTO | AU104: - | AV104: BPJS TK
A105: 87 | B105: 3 | C105: 9918040027 | D105: SUWANDI | E105: DRIVER | F105: KONTRAK | G105: 43202 | H105: 43202 | I105: 43567 | K105: =DATEDIF(G105,$B$1,"Y") -> 2 | L105: =DATEDIF(G105,$B$1,"YM") -> 8 | O105: L | P105: ISLAM | Q105: MALANG | R105: 25632 | S105: =DATEDIF(R105,$B$1,"Y") -> 50 | T105: =DATEDIF(R105,$B$1,"YM") -> 10 | U105: STM | V105: - | W105: AB | X105: K/2 | Y105: UMAYANTI | Z105: 27760 | AA105: NENI YUNIAR | AB105: 35604 | AC105: =DATEDIF(AB105,$B$1,"Y") -> 23 | AD105: BAGUS KURNIAWAN | AE105: 37862 | AJ105: 3507180503700001 | AK105: KEDUNGREJO DUSUN KEDUNGBOTO RT.01/RW.03 KEC. PAKIS | AL105: KEDUNGREJO DUSUN KEDUNGBOTO RT.01/RW.03 KEC. PAKIS | AO105: - | AP105: 082257094822 | AQ105: SUWANDI | AR105: 144-00-1666043-0 | AS105: MANDIRI | AT105: MALANG - KCP SUPRAPTO | AU105: - | AV105: BPJS TK
...

Sheet 2021
B2: LOADING …

Sheet NIK
A1: DAFTAR NAMA TENAGA KERJA
A3: =+NOW() -> 44202.499
A5: No. | B5: N I K | C5: NAMA LENGKAP | D5: JABATAN | E5: TANGGAL MULAI KERJA | F5: TAHUN MASUK KERJA | G5: BULAN MASUK KERJA | H5: NO URUT
A8: 1 | B8: =CONCATENATE("99",F8,G8,CONCATENATE("0",H8)) -> 9918040001 | C8: CITRA DWI MURDIYANTI | D8: MANAGER BACK OFFICE | E8: 43202 | F8: 18 | G8: 04 | H8: 001
A9: =A8+1 -> 2 | B9: =CONCATENATE("99",F9,G9,CONCATENATE("0",H9)) -> 9918040002 | C9: CHANDRA MAHARDHIKA | D9: HRD | E9: 43202 | F9: 18 | G9: 04 | H9: 002
A10: =A9+1 -> 3 | B10: =CONCATENATE("99",F10,G10,CONCATENATE("0",H10)) -> 9918040003 | C10: KUMARA FOREST HIMAWAN | D10: DESAIN GRAPHIC | E10: 43202 | F10: 18 | G10: 04 | H10: 003
A11: =A10+1 -> 4 | B11: =CONCATENATE("99",F11,G11,CONCATENATE("0",H11)) -> 9918040004 | C11: RIZHALDI ADHITYA | D11: ADMIN OFFICE | E11: 43202 | F11: 18 | G11: 04 | H11: 004
A12: =A11+1 -> 5 | B12: =CONCATENATE("99",F12,G12,CONCATENATE("0",H12)) -> 9918040005 | C12: OKY ARI AFANDI | D12: ADMIN OFFICE | E12: 43202 | F12: 18 | G12: 04 | H12: 005
A13: =A12+1 -> 6 | B13: =CONCATENATE("99",F13,G13,CONCATENATE("0",H13)) -> 9918040006 | C13: VIOLA DWI PERMATASARI | D13: ADMIN / MARKETING | E13: 43202 | F13: 18 | G13: 04 | H13: 006
A14: =A13+1 -> 7 | B14: =CONCATENATE("99",F14,G14,CONCATENATE("0",H14)) -> 9918040007 | C14: GREVICTA VETA SANDIKA | D14: ADMIN / MARKETING | E14: 43202 | F14: 18 | G14: 04 | H14: 007
A15: =A14+1 -> 8 | B15: =CONCATENATE("99",F15,G15,CONCATENATE("0",H15)) -> 9918040008 | C15: KRISTANTI ODI LESTARI | D15: ADMIN | E15: 43202 | F15: 18 | G15: 04 | H15: 008
A16: =A15+1 -> 9 | B16: =CONCATENATE("99",F16,G16,CONCATENATE("0",H16)) -> 9918040009 | C16: FITRIYAH | D16: OFFICE GIRL / PANTRY | E16: 43202 | F16: 18 | G16: 04 | H16: 009
A17: =A16+1 -> 10 | B17: =CONCATENATE("99",F17,G17,CONCATENATE("0",H17)) -> 9918040010 | C17: SLAMET HADI | D17: SECURITY | E17: 43202 | F17: 18 | G17: 04 | H17: 010
A18: =A17+1 -> 11 | B18: =CONCATENATE("99",F18,G18,CONCATENATE("0",H18)) -> 9918040011 | C18: INDRI WULANDARI | D18: PACKING HEAD | E18: 43202 | F18: 18 | G18: 04 | H18: 011
A19: =A18+1 -> 12 | B19: =CONCATENATE("99",F19,G19,CONCATENATE("0",H19)) -> 9918040012 | C19: AULIA PRATAMA | D19: STAFF PACKING | E19: 43202 | F19: 18 | G19: 04 | H19: 012
A20: =A19+1 -> 13 | B20: =CONCATENATE("99",F20,G20,CONCATENATE("0",H20)) -> 9918040013 | C20: DWI RAHMA TIWI | D20: STAFF PACKING | E20: 43202 | F20: 18 | G20: 04 | H20: 013
... A35: =A34+1 -> 28 | B35: =CONCATENATE("99",F35,G35,CONCATENATE("0",H35)) -> 9918040028 | C35: SUEB | D35: DRIVER | E35: 43202 | F35: 18 | G35: 04 | H35: 028
A36: 29 | B36: =CONCATENATE("99",F36,G36,CONCATENATE("0",H36)) -> 9918040029 | C36: MOCHAMAD FAUZI | D36: PENJAGA PARKIR | E36: 43202 | F36: 18 | G36: 04 | H36: 029
A37: 30 | B37: =CONCATENATE("99",F37,G37,CONCATENATE("0",H37)) -> 9918040030 | C37: MOH. THOYIB | D37: STAFF PACKING | E37: 43202 | F37: 18 | G37: 04 | H37: 030
A38: 31 | B38: =CONCATENATE("99",F38,G38,CONCATENATE("0",H38)) -> 9918040031 | C38: SHEILA OLGATA WIDYASARI | D38: ADMIN ACCOUNTING | E38: 43216 | F38: 18 | G38: 04 | H38: 031
A39: 32 | B39: =CONCATENATE("99",F39,G39,CONCATENATE("0",H39)) -> 9918050032 | C39: UMAR MA'RUF | D39: DRIVER | E39: 43222 | F39: 18 | G39: 05 | H39: 032
A40: 33 | B40: =CONCATENATE("99",F40,G40,CONCATENATE("0",H40)) -> 9918050033 | C40: SARIFA AINI | D40: MARKETING | E40: 43222 | F40: 18 | G40: 05 | H40: 033
A41: 34 | B41: =CONCATENATE("99",F41,G41,CONCATENATE("0",H41)) -> 9918050034 | C41: RIEZA BHAHTIAR | D41: DESAIN GRAPHIC | E41: 43234 | F41: 18 | G41: 05 | H41: 034
A42: 35 | B42: =CONCATENATE("99",F42,G42,CONCATENATE("0",H42)) -> 9918070035 | C42: YULAIKA | D42: OFFICE GIRL / PANTRY | E42: 43299 | F42: 18 | G42: 07 | H42: 035
A43: 36 | B43: =CONCATENATE("99",F43,G43,CONCATENATE("0",H43)) -> 9918080036 | C43: USMAN AINUR RIZKY | D43: STAFF PACKING | E43: 43330 | F43: 18 | G43: 08 | H43: 036
A44: 37 | B44: =CONCATENATE("99",F44,G44,CONCATENATE("0",H44)) -> 9918080037 | C44: RIDA' MILLATI | D44: DESAIN GRAPHIC | E44: 43340 | F44: 18 | G44: 08 | H44: 037
A45: 38 | B45: =CONCATENATE("99",F45,G45,CONCATENATE("0",H45)) -> 9918090038 | C45: ANIKE WULANDARI | D45: ADMIN / MARKETING | E45: 43362 | F45: 18 | G45: 09 | H45: 038
A46: 39 | B46: =CONCATENATE("99",F46,G46,CONCATENATE("0",H46)) -> 9918100039 | C46: SLAMET ARISUSANTO | D46: STAFF PACKING | E46: 43398 | F46: 18 | G46: 10 | H46: 039
A47: 40 | B47: =CONCATENATE("99",F47,G47,CONCATENATE("0",H47)) -> 9918110040 | C47: ANNISYA FERONICA | D47: DESAIN GRAPHIC | E47: 43407 | F47: 18 | G47: 11 | H47: 040
... A63: 56 | B63: =CONCATENATE("99",F63,G63,CONCATENATE("0",H63)) -> 9919030015 | C63: SINTA ELMI RAHMAWATI | D63: FO / ADM REG | E63: 43535 | F63: 19 | G63: 03 | H63: 015
A64: 57 | B64: =CONCATENATE("99",F64,G64,CONCATENATE("0",H64)) -> 9919030016 | C64: NUR KHOLIFAH | D64: HEAD PACKING | E64: 43544 | F64: 19 | G64: 03 | H64: 016 | K64: 9919060023
A65: 58 | B65: =CONCATENATE("99",F65,G65,CONCATENATE("0",H65)) -> 9919040017 | C65: RIMA RAHMAWATI | D65: STAFF PACKING | E65: 43556 | F65: 19 | G65: 04 | H65: 017
A66: 59 | B66: =CONCATENATE("99",F66,G66,CONCATENATE("0",H66)) -> 9919040018 | C66: AQSHA ADITYA RAKA | D66: STAFF PACKING | E66: 43559 | F66: 19 | G66: 04 | H66: 018
A67: 60 | B67: =CONCATENATE("99",F67,G67,CONCATENATE("0",H67)) -> 9919050019 | C67: MOH ANDIKA RAISMA | D67: STAFF PACKING | E67: 43591 | F67: 19 | G67: 05 | H67: 019
A68: 61 | B68: =CONCATENATE("99",F68,G68,CONCATENATE("0",H68)) -> 9919050020 | C68: MOCHAMAD NUR | D68: DRIVER | E68: 43594 | F68: 19 | G68: 05 | H68: 020
A69: 62 | B69: =CONCATENATE("99",F69,G69,CONCATENATE("0",H69)) -> 9919060021 | C69: RAHMAT RIDWAN | D69: STAFF PACKING | E69: 43633 | F69: 19 | G69: 06 | H69: 021
A70: 63 | B70: =CONCATENATE("99",F70,G70,CONCATENATE("0",H70)) -> 9919060022 | C70: MUNTIK FATIMATUS ZAHROH | D70: STAFF PACKING | E70: 43633 | F70: 19 | G70: 06 | H70: 022
A71: 64 | B71: =CONCATENATE("99",F71,G71,CONCATENATE("0",H71)) -> 9919060023 | C71: NURUL KOMARIYAH | D71: STAFF PACKING | E71: 43637 | F71: 19 | G71: 06 | H71: 023
A72: 65 | B72: =CONCATENATE("99",F72,G72,CONCATENATE("0",H72)) -> 9919060024 | C72: ELOK SETIA WIKANTI | D72: STAFF PACKING | E72: 43637 | F72: 19 | G72: 06 | H72: 024
A73: 66 | B73: =CONCATENATE("99",F73,G73,CONCATENATE("0",H73)) -> 9919060025 | C73: NURUL ULANDARI | D73: STAFF PACKING | E73: 43643 | F73: 19 | G73: 06 | H73: 025
A74: 67 | B74: =CONCATENATE("99",F74,G74,CONCATENATE("0",H74)) -> 9919060026 | C74: TRESIA WIJAYA | D74: STAFF PACKING | E74: 43643 | F74: 19 | G74: 06 | H74: 026
A75: 68 | B75: =CONCATENATE("99",F75,G75,CONCATENATE("0",H75)) -> 9919060027 | C75: RIZKY NURCAHYO | D75: STAFF PACKING | E75: 43643 | F75: 19 | G75: 06 | H75: 027
A76: 69 | B76: =CONCATENATE("99",F76,G76,CONCATENATE("0",H76)) -> 9919070028 | C76: DENNY FERDIAN | D76: DRIVER | E76: 43647 | F76: 19 | G76: 07 | H76: 028
A77: 70 | B77: =CONCATENATE("99",F77,G77,CONCATENATE("0",H77)) -> 9919070029 | C77: QUROTUL FITRIAH | D77: STAFF PACKING | E77: 43651 | F77: 19 | G77: 07 | H77: 029
A78: 71 | B78: =CONCATENATE("99",F78,G78,CONCATENATE("0",H78)) -> 9919070030 | C78: NASIRUDDIN | D78: QUALITY CONTROL | E78: 43656 | F78: 19 | G78: 07 | H78: 030 | J78: 9919090045
A79: 72 | B79: =CONCATENATE("99",F79,G79,CONCATENATE("0",H79)) -> 9919070031 | C79: ANDRO SETIYO | D79: QUALITY CONTROL | E79: 43656 | F79: 19 | G79: 07 | H79: 031
A80: 73 | B80: =CONCATENATE("99",F80,G80,CONCATENATE("0",H80)) -> 9919070032 | C80: EKO GALIH W | D80: QUALITY CONTROL | E80: 43656 | F80: 19 | G80: 07 | H80: 032
A81: 74 | B81: =CONCATENATE("99",F81,G81,CONCATENATE("0",H81)) -> 9919070033 | C81: MAS'UD DIANTONI R | D81: QUALITY CONTROL | E81: 43656 | F81: 19 | G81: 07 | H81: 033
A82: 75 | B82: =CONCATENATE("99",F82,G82,CONCATENATE("0",H82)) -> 9919070034 | C82: SITI KHOIRITUL M | D82: STAFF PACKING | E82: 43656 | F82: 19 | G82: 07 | H82: 034
A83: 76 | B83: =CONCATENATE("99",F83,G83,CONCATENATE("0",H83)) -> 9919070035 | C83: RIBUT PURNOMO | D83: QUALITY CONTROL | E83: 43668 | F83: 19 | G83: 07 | H83: 035
A84: 77 | B84: =CONCATENATE("99",F84,G84,CONCATENATE("0",H84)) -> 9919070036 | C84: MUHAMMAD SOKHIB | D84: DRIVER | E84: 43668 | F84: 19 | G84: 07 | H84: 036
A85: 78 | B85: =CONCATENATE("99",F85,G85,CONCATENATE("0",H85)) -> 9919070037 | C85: LAILATUL FITRIYAH | D85: STAFF PAJAK | E85: 43675 | F85: 19 | G85: 07 | H85: 037
A86: 79 | B86: =CONCATENATE("99",F86,G86,CONCATENATE("0",H86)) -> 9919070038 | C86: SUWARNO | D86: PIC STOCK | E86: 43676 | F86: 19 | G86: 07 | H86: 038
A87: 80 | B87: =CONCATENATE("99",F87,G87,CONCATENATE("0",H87)) -> 9919080039 | C87: ARIS SUSANTO | D87: STAFF PACKING | E87: 43680 | F87: 19 | G87: 08 | H87: 039 | J87: 9919110052
A88: 81 | B88: =CONCATENATE("99",F88,G88,CONCATENATE("0",H88)) -> 9919080040 | C88: AYU GUSTIKA | D88: STAFF PACKING | E88: 43684 | F88: 19 | G88: 08 | H88: 040
A89: 82 | B89: =CONCATENATE("99",F89,G89,CONCATENATE("0",H89)) -> 9919080041 | C89: DICKY GUNTUR ARFANDI | D89: GUDANG | E89: 43689 | F89: 19 | G89: 08 | H89: 041
A90: 83 | B90: =CONCATENATE("99",F90,G90,CONCATENATE("0",H90)) -> 9919080042 | C90: SUHARTO | D90: TUKANG PARKIR | E90: 43699 | F90: 19 | G90: 08 | H90: 042
A91: 84 | B91: =CONCATENATE("99",F91,G91,CONCATENATE("0",H91)) -> 9919090043 | C91: EKA MEINAL FITRI | D91: PIC STOCK | E91: 43715 | F91: 19 | G91: 09 | H91: 043
A92: 85 | B92: =CONCATENATE("99",F92,G92,CONCATENATE("0",H92)) -> 9919090044 | C92: MIFTA ARTIESTA | D92: CONTENT CREATOR | E92: 43724 | F92: 19 | G92: 09 | H92: 044
A93: 86 | B93: =CONCATENATE("99",F93,G93,CONCATENATE("0",H93)) -> 9919090045 | C93: ICHSAN HANIF NUGROHO | E93: 43709 | F93: 19 | G93: 09 | H93: 045
A94: 87 | B94: =CONCATENATE("99",F94,G94,CONCATENATE("0",H94)) -> 9919090046 | C94: IMAM MALIK SYAH PUTRA | D94: DESIGN GRAFIS | E94: 43724 | F94: 19 | G94: 09 | H94: 046
A95: 88 | B95: =CONCATENATE("99",F95,G95,CONCATENATE("0",H95)) -> 9919090047 | C95: ANDISTA | D95: TUKANG PARKIR | E95: 43733 | F95: 19 | G95: 09 | H95: 047
A96: 89 | B96: =CONCATENATE("99",F96,G96,CONCATENATE("0",H96)) -> 9919100048 | C96: MARKUS VIRNANDA LUVI | D96: CONTENT CREATOR | E96: 43741 | F96: 19 | G96: 10 | H96: 048
A97: 90 | B97: =CONCATENATE("99",F97,G97,CONCATENATE("0",H97)) -> 9919100049 | C97: HENIP FATUL ULA | D97: ADM REVIEW | E97: 43750 | F97: 19 | G97: 10 | H97: 049
A98: 91 | B98: =CONCATENATE("99",F98,G98,CONCATENATE("0",H98)) -> 9919110050 | C98: SAMANTHA IGA PERMATASARI | D98: TAX | E98: 43770 | F98: 19 | G98: 11 | H98: 050
A99: 92 | B99: =CONCATENATE("99",F99,G99,CONCATENATE("0",H99)) -> 9919110051 | C99: LUKY ADI SISWANTO | D99: DRIVER | E99: 43774 | F99: 19 | G99: 11 | H99: 051 | K99: 9919120059
A100: 93 | B100: =CONCATENATE("99",F100,G100,CONCATENATE("0",H100)) -> 9919110052 | C100: ARUM SETIYONINGSIH | D100: LEGAL | E100: 43794 | F100: 19 | G100: 11 | H100: 052
A101: 94 | B101: =CONCATENATE("99",F101,G101,CONCATENATE("0",H101)) -> 9919110053 | C101: ANDYKA SYAHPUTRA | D101: ACCOUNTING | E101: 43795 | F101: 19 | G101: 11 | H101: 053
A102: 95 | B102: =CONCATENATE("99",F102,G102,CONCATENATE("0",H102)) -> 9919120054 | C102: YUDA BAGUS SANTOSA | D102: STAFF PRUDUCT | E102: 43801 | F102: 19 | G102: 12 | H102: 054
A103: 96 | B103: =CONCATENATE("99",F103,G103,CONCATENATE("0",H103)) -> 9919120055 | C103: WICAKSONO HARYO PRAKOSO | D103: ADMIN PENJUALAN | E103: 43801 | F103: 19 | G103: 12 | H103: 055
A104: 97 | B104: =CONCATENATE("99",F104,G104,CONCATENATE("0",H104)) -> 9919120056 | C104: RATNA KURNIAWATI | D104: ADMIN PENJUALAN | E104: 43801 | F104: 19 | G104: 12 | H104: 056
A105: 98 | B105: =CONCATENATE("99",F105,G105,CONCATENATE("0",H105)) -> 9919120057 | C105: REZA DWI ARIEFANDA | D105: PURCHASING | E105: 43801 | F105: 19 | G105: 12 | H105: 057
A106: 99 | B106: =CONCATENATE("99",F106,G106,CONCATENATE("0",H106)) -> 9919120058 | C106: MOH. HASIM AS'ARI | D106: HEAD PRODUCT | E106: 43801 | F106: 19 | G106: 12 | H106: 058
A107: 100 | B107: =CONCATENATE("99",F107,G107,CONCATENATE("0",H107)) -> 9919120059 | C107: JEJEN SOPIANDI | D107: PACKING | E107: 43809 | F107: 19 | G107: 12 | H107: 059
A108: 101 | B108: =CONCATENATE("99",F108,G108,CONCATENATE("0",H108)) -> 9919120060 | C108: SAIFUR ROUUF | D108: DESIGN GRAFIS | E108: 43811 | F108: 19 | G108: 12 | H108: 060
A109: 102 | B109: =CONCATENATE("99",F109,G109,CONCATENATE("0",H109)) -> 9919120061 | C109: JATI SURYADI | D109: PACKING | E109: 43811 | F109: 19 | G109: 12 | H109: 061
A110: 103 | B110: =CONCATENATE("99",F110,G110,CONCATENATE("0",H110)) -> 9919120062 | C110: PIPIT CHOIRUL PUSPITASARI | D110: ADMIN MARKETING | E110: 43813 | F110: 19 | G110: 12 | H110: 062
A111: 104 | B111: =CONCATENATE("99",F111,G111,CONCATENATE("0",H111)) -> 9919120063 | C111: RINO BINGA HANDANA | D111: STAFF PACKING | E111: 43812 | F111: 19 | G111: 12 | H111: 063
... A141: 134 | B141: =CONCATENATE("99",F141,G141,CONCATENATE("0",H141)) -> 992010098 | C141: FAISOL ABRORI | D141: STAFF PACKING | E141: 43846 | F141: 20 | G141: 1 | H141: 098
A142: 135 | B142: =CONCATENATE("99",F142,G142,CONCATENATE("0",H142)) -> 992010099 | C142: NOR AISYAH ZAKIAH REZA | D142: MANAGER MARKETING | E142: 43850 | F142: 20 | G142: 1 | H142: 099
A143: 136 | B143: =CONCATENATE("99",F143,G143,CONCATENATE("0",H143)) -> 992010100 | C143: MUHAMMAD RIF'AN | D143: QC | E143: 43851 | F143: 20 | G143: 1 | H143: 100
A144: 137 | B144: =CONCATENATE("99",F144,G144,CONCATENATE("0",H144)) -> 992010101 | C144: WELDI DEWANGGA P | D144: PU 2 | E144: 43851 | F144: 20 | G144: 1 | H144: 101
A145: 138 | B145: =CONCATENATE("99",F145,G145,CONCATENATE("0",H145)) -> 992010102 | C145: ALFAN PUTRA STIAWAN | D145: QC | E145: 43851 | F145: 20 | G145: 1 | H145: 102
A146: 139 | B146: =CONCATENATE("99",F146,G146,CONCATENATE("0",H146)) -> 992030103 | C146: FERNANDO PRATAMA WIJAYA | D146: MARCOM | E146: 43903 | F146: 20 | G146: 3 | H146: 103
A147: 140 | B147: =CONCATENATE("99",F147,G147,CONCATENATE("0",H147)) -> 992030104 | C147: RENDY ARDIAN PRATAMA | D147: DESAIN GRAFIS | E147: 43904 | F147: 20 | G147: 3 | H147: 104
A148: 141 | B148: =CONCATENATE("99",F148,G148,CONCATENATE("0",H148)) -> 992030105 | C148: RIKO TRIE SAPUTRA | D148: SPV MS GLOW MEN | E148: 43904 | F148: 20 | G148: 3 | H148: 105
A149: 141 | B149: =CONCATENATE("99",F149,G149,CONCATENATE("0",H149)) -> 992030106 | C149: MATHARI RAMADHAN ARMANTA | D149: DESAIN GRAFIS | E149: 43906 | F149: 20 | G149: 3 | H149: 106
A150: 142 | B150: =CONCATENATE("99",F150,G150,CONCATENATE("0",H150)) -> 992040107 | C150: NOVIANY ANGELINA R.P.PANDANGO | D150: PUBLIC RELATION | E150: 43922 | F150: 20 | G150: 4 | H150: 107
A151: 143 | B151: =CONCATENATE("99",F151,G151,CONCATENATE("0",H151)) -> 992040108 | C151: ALVAN SEPTY KURNIAWAN | D151: CONTENT CREATOR | E151: 43922 | F151: 20 | G151: 4 | H151: 108
A152: 144 | B152: =CONCATENATE("99",F152,G152,CONCATENATE("0",H152)) -> 992040109 | C152: DITA LESTARI | D152: ACCOUNTING | E152: 43922 | F152: 20 | G152: 4 | H152: 109
A153: 145 | B153: =CONCATENATE("99",F153,G153,CONCATENATE("0",H153)) -> 992040110 | C153: MUCH BAYU SETIYABUDI | D153: PURCHASING | E153: 43927 | F153: 20 | G153: 4 | H153: 110
A154: 146 | B154: =CONCATENATE("99",F154,G154,CONCATENATE("0",H154)) -> 992040111 | C154: DWI ANGGORO PUTRO NOFEMBRIYANTO | D154: PU2 | E154: 43936 | F154: 20 | G154: 4 | H154: 111
A155: 147 | B155: =CONCATENATE("99",F155,G155,CONCATENATE("0",H155)) -> 992040112 | C155: YUDHISTIRA SADIE AMADEA | D155: DESIGN | E155: 43939 | F155: 20 | G155: 4 | H155: 112
A156: 148 | B156: =CONCATENATE("99",F156,G156,CONCATENATE("0",H156)) -> 991970113 | C156: RIANTO | D156: PACKING | E156: 43647 | F156: 19 | G156: 7 | H156: 113
A157: 149 | B157: =CONCATENATE("99",F157,G157,CONCATENATE("0",H157)) -> 991240114 | C157: TRI SUSILO | D157: PACKING | E157: 43202 | F157: 12 | G157: 4 | H157: 114
A158: 150 | B158: =CONCATENATE("99",F158,G158,CONCATENATE("0",H158)) -> 991240115 | C158: ACHMAD RIZAL | D158: PACKING | E158: 43202 | F158: 12 | G158: 4 | H158: 115
A159: 151 | B159: =CONCATENATE("99",F159,G159,CONCATENATE("0",H159)) -> 991770116 | C159: M KHOZIN | D159: PACKING | E159: 43663 | F159: 17 | G159: 7 | H159: 116
... A168: 160 | B168: =CONCATENATE("99",F168,G168,CONCATENATE("0",H168)) -> 992060125 | C168: EUNIKE DWI MIKNYO JATMIKO | D168: ADM PENJUAKAN | E168: 44008 | F168: 20 | G168: 6 | H168: 125
A169: 161 | B169: =CONCATENATE("99",F169,G169,CONCATENATE("0",H169)) -> 992070126 | C169: RAMADHANI ANANDA PUTRI AMBARANI | D169: BISDEV | E169: 44013 | F169: 20 | G169: 7 | H169: 126
A170: 162 | B170: =CONCATENATE("99",F170,G170,CONCATENATE("0",H170)) -> 992070127 | C170: SHARON ROIS SYAHRANI | D170: PACKING | E170: 44027 | F170: 20 | G170: 7 | H170: 127
...

Sheet ABSENSI
A1: DATA IKUT TUKAR KADO TAHUN 2020
A2: MANAGER
A3: NO | B3: NAMA | C3: POSISI
A4: 1 | B4: SHEILA MARTHALIA | C4: GENERAL MANAGER | D4: KONTRAK
A5: 2 | B5: RIDA' MILLATI | C5: MANAGER MARKETING | D5: KONTRAK
A6: 3 | B6: CHANDRA MAHARDHIKA | C6: MANAGER PRODUCT | D6: KONTRAK
A7: 4 | B7: VENNA ROSIA MARHETA | C7: MANAGER HRGA | D7: KONTRAK
A8: 5 | B8: ANDYKA SYAHPUTRA | C8: MANAGER ACCOUNTING | D8: KONTRAK
A9: 6 | B9: FATWA IHYA' AZIZA | C9: MANAGER PENJUALAN | D9: KONTRAK
A10: 7 | B10: MIRZA HENDRAWAN | C10: MANAGER DEVELOPMENT | D10: KONTRAK
A12: BISNIS DEVELOPMENT
A13: 1 | B13: RIKO TRIE SAPUTRA | C13: SPV MS GLOW MEN | D13: KONTRAK
A14: 2 | B14: ANIKE WULANDARI | C14: ADMIN / MARKETING | D14: KONTRAK
A15: 3 | B15: RENDY ARDIAN PRATAMA | C15: DESAIN GRAFIS | D15: KONTRAK
A16: 4 | B16: WICAKSONO HARYO PRAKOSO | C16: ADMIN PENJUALAN | D16: KONTRAK
A17: 5 | B17: SAIFUR ROUUF | C17: DESIGN | D17: KONTRAK
A18: 6 | B18: RATNA KURNIAWATI | C18: ADMIN PENJUALAN | D18: KONTRAK
A19: 7 | B19: LODY SAMPURNA | C19: MARKOM | D19: KONTRAK
A20: 8 | B20: ARISMA LULI DIANA | C20: ADMIN PENJUALAN (vape) | D20: KONTRAK
A21: 9 | B21: RYAN ANDRIA NUGROHO | C21: GRAPHIC DESIGN (vape) | D21: KONTRAK
A22: 10 | B22: AGAM SUNANTO | C22: DESIGN | D22: KONTRAK
A24: PENJUALAN
A25: 1 | B25: SARIFA AINI | C25: MARKETING | D25: KONTRAK
A26: 2 | B26: ALONG ALFIAH | C26: ADMIN OFFICE | D26: KONTRAK
A27: 3 | B27: ARUM SETIYONINGSIH | C27: LEGAL | D27: KONTRAK
A28: 4 | B28: ONIS NABILLA NIRMALA SARI | C28: ADMIN MARKETING | D28: KONTRAK
A29: 5 | B29: ARMY CHICHILIA PERMANA | C29: ADMIN REGISTER | D29: KONTRAK
A30: 6 | B30: INNASSA AZZURA FIRINDA | C30: ADMIN PENJUALAN | D30: KONTRAK
A31: 7 | B31: ANIK DWI ERNASARI | C31: ADMIN PENJUALAN | D31: KONTRAK
A32: 8 | B32: DEVY PERMATASARI | C32: ADMIN PENJUALAN | D32: KONTRAK
A33: 9 | B33: MOCH. ROFII | C33: STAFF LEGAL | D33: KONTRAK
A34: 10 | B34: TALITA IVADAH | C34: ADMIN PENJUALAN | D34: KONTRAK
A36: MARKETING
A37: 1 | B37: USHA FATNIA AUDRINISA | C37: DESAIN GRAFIS | D37: KONTRAK
A38: 2 | B38: ROY | C38: DESAIN GRAFIS | D38: KONTRAK
A39: 3 | B39: ALVAN SEPTY KURNIAWAN | C39: CONTENT CREATOR | D39: KONTRAK
A40: 4 | B40: YUDHISTIRA SADIE AMADEA | C40: DESIGN | D40: KONTRAK
A41: 5 | B41: NOVIANY ANGELINA R.P.PANDANGO | C41: PUBLIC RELATION | D41: KONTRAK
A42: 6 | B42: MATHARI RAMADHAN ARMANTA | C42: DESAIN GRAFIS | D42: KONTRAK
A43: 7 | B43: MARKUS VIRNANDA LUVI | C43: DESAIN GRAFIS | D43: KONTRAK
A44: 8 | B44: HENIP FATUL ULA | C44: ADM REVIEW | D44: KONTRAK
A45: 9 | B45: TRI NOVITA DANUATI | C45: ADMIN MARKETING | D45: KONTRAK
A46: 10 | B46: RIZKY NUR OKTAVIANI | C46: ADMIN MARKETING | D46: KONTRAK
A47: 11 | B47: NOVITA RAHAYU | C47: DIGITAL MARKETING | D47: KONTRAK
A48: 12 | B48: RAISA KARINA PUTRI | C48: MARKETING MS SLIM | D48: KONTRAK
A50: PRODUCT
A51: 1 | B51: MURYANTO EKO STYAWAN | C51: PPIC | D51: KONTRAK
A52: 2 | B52: CITRA DWI MURDIYANTI | C52: KORLAP | D52: KONTRAK
A53: 3 | B53: RIZHALDI ADHITYA | C53: SPV KEMASAN | D53: KONTRAK
A54: 4 | B54: TRESIA WIJAYA | C54: SPV BARANG JADI | D54: KONTRAK
A55: 5 | B55: OKY ARI AFANDI | C55: ADMIN OFFICE | D55: KONTRAK
A56: 6 | B56: MAULIANA | C56: PIC QC | D56: KONTRAK
A57: 7 | B57: AHMAD MIFTACHUL ULUM | C57: PIC KEMASAN KELUAR | D57: KONTRAK
A58: 8 | B58: RIZKY NURCAHYO | C58: PIC KEMASAN MASUK | D58: KONTRAK
A59: 9 | B59: EKA MEINAL FITRI | C59: PIC STOCK / HEAD PACKING | D59: KONTRAK
A60: 10 | B60: HARRYS APRILIAN | C60: FOREMAN PRODUKSI | D60: KONTRAK
A61: 11 | B61: SUWARNO | C61: PIC STOCK | D61: KONTRAK
A62: 12 | B62: MUHAMMAD SYAMSUL BAHRI | C62: FOREMAN PRODUKSI | D62: KONTRAK
A64: HUMAN RECOURCE DEV
A65: 1 | B65: KUSNUL YULIARIANTO | C65: KORLAP DRIVER | D65: KONTRAK
A66: 2 | B66: MOH. ANDIKA RAISMA | C66: HR | D66: KONTRAK
A67: 3 | B67: WELDI DEWANGGA P | C67: GA | D67: KONTRAK
A68: 4 | B68: SLAMET HADI | C68: KEPALA GUDANG | D68: KONTRAK
A69: 5 | B69: KHOIRUDIN ZAIN | C69: HR | D69: KONTRAK
A71: KEUANGAN
A72: 1 | B72: MUCH BAYU SETIYABUDI | C72: PURCHASING | D72: KONTRAK
A73: 2 | B73: DITA LESTARI | C73: ACCOUNTING | D73: KONTRAK
A74: 3 | B74: SAMANTHA IGA PERMATASARI | C74: STAFF PAJAK | D74: KONTRAK
A75: 4 | B75: SARI NUGRAHANING GUSTI | C75: ADMIN PIUTANG | D75: KONTRAK
A76: 5 | B76: ADILAH KUSUMA DEWI | C76: PURCHASING | D76: KONTRAK
A78: IT
A79: 1 | B79: MUHAMMAD AFIF ROSYADI | C79: IT
A80: 2 | B80: ROZI RIKZA AKBAR | C80: IT | D80: KONTRAK
A81: 3 | B81: MOHAMMAD VICKY AGASSI | C81: IT | D81: KONTRAK
A83: CLIENT
A84: 1 | B84: GEDE SUJANA | D84: EKSTERNAL
A85: 2 | B85: DEVI GARINDA PUTRI | C85: INTERNAL AUDIT | D85: EKSTERNAL

Sheet absen PHL oret oret
B1: PHL | D1: NAMA ABSEN | E1: NAMA ASLI | F1: POSISI | H1: TANGGAL LAHIR | I1: NIK
B2: 1 | D2: Dani | E2: Abdhanny haries m.i | F2: PACKING | H2: 35174 | I2: 3507181904990001 | K2: SARI NUGRAHANING GUSTI | L2: ADMIN PIUTANG | M2: KONTRAK | N2: 44111
B3: 2 | D3: ABDI GRS | E3: ABDI GRS | F3: PACKING | K3: M SAHRONI | L3: STAFF PACKING | M3: KONTRAK | N3: 44082
B4: 3 | D4: Helmi.phl | E4: Achmad Zulhailmino | F4: PACKING | H4: 36201 | I4: 3573051002990003 | K4: DENNIS ARI FIRMANTO | L4: STAFF PACKING | M4: KONTRAK | N4: 44114
B5: 4 | D5: Ade | E5: Ade fernando putra | F5: PACKING | H5: 36035 | I5: 3507232802980005 | K5: MASRAGA SETIAWAN | L5: IT | M5: KONTRAK | N5: 44054
B6: 5 | D6: Adim GBL | E6: Adhim Al Rokhim | F6: PACKING | H6: 36193 | I6: 3573050202990003
B7: 6 | D7: adi kris | E7: adi kristanto | F7: PACKING | H7: 34530 | I7: 3573031606940006
B8: 7 | D8: Afito | E8: Afito maulana syahrul | F8: PACKING | H8: 37429 | I8: 3057232206060001
B9: 8 | D9: Reni | E9: Agus reni ambarwati | F9: PACKING | H9: 34571 | I9: 3507186508940004
B10: 9 | D10: Agus Saputra | E10: Agus Saputra | F10: PACKING | H10: 33472 | I10: 3573012208910003
B11: 10 | D11: Agus.phl | E11: Agus Setiawan | F11: PACKING | H11: 37120 | I11: 3507181708010002
B12: 11 | D12: Huzaini | E12: Ahmad huzaini | F12: PACKING | H12: 36906 | I12: 3507151501010003
B13: 12 | D13: Ramadhan | E13: Ahmad Ramadhan firansyah | F13: PACKING | H13: 37215 | I13: 3573012011010002
B14: 13 | D14: Akbar | E14: Akbar ali nugraha | F14: PACKING | H14: 34903 | I14: 3201132307950006
B15: 14 | D15: ALFAN GRS | E15: Muhamad alfan S | F15: PACKING | H15: 36592 | I15: 3573030703000007
B16: 15 | D16: Alif | E16: Alif grynakdi aditya effendi | F16: PACKING
B17: 16 | D17: Alivia | E17: Alivia dwi yanuar | F17: PACKING | H17: 36909 | I17: 3573045801010001
B18: 17 | D18: Ami | E18: Ami cipta wardani | F18: PACKING | H18: 34810 | I18: 3507186104950010
B19: 18 | D19: ANDIK GRS | E19: ANDIK FIRMANTO | F19: PACKING
B20: 19 | D20: Anjar | E20: Anjartono | F20: PACKING | H20: 36433 | I20: 3517123009990002
B21: 20 | D21: APRI GRS | E21: APRI Tri Sandi GRS | F21: PACKING | H21: 36267 | I21: 3573031704990002
B22: 21 | D22: Ardan GBL | E22: Ardan maulana | F22: PACKING | H22: 37166 | I22: 3507140210030001
B23: 22 | D23: ARI GRS | E23: Muhammad AsyARI | F23: PACKING
B24: 23 | D24: Safrianto | E24: Arif safrianto | F24: PACKING | H24: 36002 | I24: 3573052607980004
B25: 24 | D25: Aristi | E25: aristi wulandari | F25: PACKING | H25: 35533 | I25: 3508045304970002
B26: 25 | D26: ARY 2 GRS | E26: ARI Alfiansyah | F26: PACKING
B27: 26 | D27: Bagus putra | E27: Bagus putra sadewa | F27: PACKING | H27: 35752 | I27: 3579031811970002
B28: 27 | D28: Pandu | E28: Bayu Pandu Krisna | F28: PACKING | H28: 36062 | I28: 3578282409980001
B29: 28 | D29: boby | E29: bobi Kurniawan | F29: PACKING | H29: 36491 | I29: 3507242711990009
B30: 29 | D30: Calsa | E30: Calsa liulil albab | F30: PACKING | H30: 37335 | I30: 3508022003020003
B31: 30 | D31: Candra Maulana | E31: Candra Maulana | F31: PACKING | H31: 36507 | I31: 3573031312990001
B32: 31 | D32: Dafa | E32: Daffa Rizal Kusuma | F32: PACKING | H32: 36615 | I32: 3573043003000001
B33: 32 | D33: Andra GRS | E33: Diandra widi p | F33: PACKING | H33: 34700 | I33: 3573030101950003
B34: 33 | D34: Dio | E34: Dio tito firmansyah | F34: PACKING | H34: 30/20/2001 | I34: 3507193001010005
B35: 34 | D35: Eni | E35: Ni'matus sholihah
B36: 35 | D36: fahrul | E36: fahrul Aditya | F36: PACKING | H36: 36681 | I36: 3573020406000005
B37: 36 | D37: Faisal f | E37: Faisal ferdiansyah | F37: PACKING | H37: 37313 | I37: 3573032802020007
B38: 37 | D38: Fathur WRN | E38: Fathur rohman | F38: PACKING | H38: 38049 | I38: 3573030204040004
B39: 38 | D39: fauzan grs | E39: Achmad fauzan | F39: PACKING | H39: 35152 | I39: 3507182803960003
B40: 39 | D40: FIKRI GRS | E40: Andika Muhammad Al-FIKRI | F40: PACKING
B41: 40 | D41: Hapis PHL | E41: Hafis alamsyah | F41: PACKING | H41: 35239 | I41: 3573052306960003
B42: 41 | D42: Lutvi | E42: haris Mukhammad lutfi | F42: PACKING | H42: 35614 | I42: 3507180307970001
B43: 42 | D43: ifan | E43: Iqvan setiawan | F43: PACKING | H43: 36467 | I43: 3573030311990002
B44: 43 | D44: indra | E44: Bagus Indrayani | F44: PACKING | H44: 35194 | I44: 3507234905960006
B45: 44 | D45: Iqbal | E45: Muhammad iqbal Ardiansyah | F45: PACKING | H45: 36822 | I45: 3507142310000000
B46: 45 | D46: irwanto grs | E46: muhammad irwanto gr | F46: PACKING | H46: 34446 | I46: 3507142204940000
B47: 46 | D47: Iska dhilla febianti | E47: Iska dhilla febianti | F47: PACKING | H47: 36931 | I47: 3573044902020001
B48: 47 | D48: Eryan GBL | E48: Izal Eryansyah | F48: PACKING | H48: 35659 | I48: 3573051708970002
B49: 48 | D49: Julaiha | E49: Julaiha Nur Alvida | F49: PACKING | H49: 37442 | I49: 3507194507020003
B50: 49 | D50: Kasianto.phl | E50: Kasianto | F50: PACKING | H50: 35213 | I50: 3507082805960000
B51: 50 | D51: Ken Aulia Azizi M. Akhmad Almachzumi | E51: Ken Aulia Azizi M. Akhmad Almachzumi | F51: PACKING | H51: 37163 | I51: 3573012909010001
B52: 51 | D52: kirun | E52: kirun | F52: PACKING
B53: 52 | D53: Kulfaur | E53: Khulafaur | F53: PACKING | H53: 36633 | I53: 3507181704000008
B54: 53 | D54: kusuma | E54: Candra kusuma Irawan | F54: PACKING | H54: 34868 | I54: 3507251806950003
B55: 54 | D55: Busrol | E55: M busrol mutik | F55: PACKING | H55: 37349 | I55: 3573030607020004
B56: 55 | D56: Misbahul Ulum | E56: M Misbachul Ulum | F56: PACKING
B57: 56 | D57: Syafik | E57: M syafik Ainul y | F57: PACKING | H57: 33972 | I57: 3573030301930005
B58: 57 | D58: Nova | E58: M. Nofan Saputra | F58: PACKING | H58: 36488 | I58: 3507142411990004
B59: 58 | D59: Okik s | E59: M. Okik Saputra | F59: PACKING | H59: 36076 | I59: 3573050810980006
B60: 59 | D60: MAUL GRS | E60: Mochamad MAULudin GRS | F60: PACKING
B61: 60 | D61: Mayson jennyfer | E61: Mayson jennyfer | F61: PACKING | H61: 36551 | I61: 3507232601000002
B62: 61 | D62: Rian GRS | E62: Moch Tharyandy Buono Husodo | F62: PACKING | H62: 37451 | I62: 3573051407020001
B63: 62 | D63: Gufron | E63: Mochamad Ghufron | F63: PACKING | H63: 34228 | I63: 3573051609930006
B64: 63 | D64: Qashif | E64: Muchammad Qasif | F64: PACKING | H64: 35101 | I64: 3507130602960005
B65: 64 | D65: Abbiyu GRS | E65: Muhamad abbiyu afif | F65: PACKING | H65: 37367 | I65: 3173072104020002
B66: 65 | D66: Subhan | E66: Muhamad Subhan | F66: PACKING | H66: 35757 | I66: 3573032311970003
B67: 66 | D67: Anang | E67: Muhammad anang ma'ruf | F67: PACKING | H67: 37058 | I67: 3507181606010004
B68: 67 | D68: Dimas | E68: Muhammad Dimas Faturohman | F68: PACKING
B69: 68 | D69: Rozii | E69: Muhammad fahrur rozi | F69: PACKING | H69: 37172 | I69: 3573050810010005
B70: 69 | D70: MUZAKKY GRS | E70: Moh. MUZAKKY GRS | F70: PACKING | H70: 35355 | I70: 3573031710960004
B71: 70 | D71: Naufal | E71: Naufal rahma daya | F71: PACKING | H71: 35924 | I71: 3507180905980001
B72: 71 | D72: Nuril | E72: Nuril maulid diyah | F72: PACKING | H72: 37050 | I72: 3507234805010003
B73: 72 | D73: oni | E73: oni setyawan | F73: PACKING | H73: 36979 | I73: 3573022903010004
B74: 73 | D74: Via | E74: Ovi ogta viani | F74: PACKING
B75: 74 | D75: prambudi | E75: prambudi | F75: PACKING
B76: 75 | D76: tio | E76: Radityo Imantoko | F76: PACKING
B77: 76 | D77: Ragil | E77: Veri ragil | F77: PACKING | H77: 37191 | I77: 3507302710010001
B78: 77 | D78: Rendis.phl | E78: Rendis Pramana | F78: PACKING | H78: 34067 | I78: 3507180804930002
B79: 78 | D79: RISKY GRS | E79: Risky dian Kurniawan | F79: PACKING | H79: 35125 | I79: 3507180103960003
B80: 79 | D80: RIZAL GRS | E80: Rizal | F80: PACKING
B81: 80 | D81: Rochmanda | E81: Rochmanda imam syahputra | F81: PACKING | H81: 36903 | I81: 3507181201010002
B82: 81 | D82: SANDI | E82: SANDI GR | F82: PACKING
B83: 82 | D83: satriyo | E83: satriyo Dodi Prayogo | F83: PACKING | H83: 36872 | I83: 3507191212000002
B84: 83 | D84: Setyo | E84: Setyo Yahya Pramugara | F84: PACKING | H84: 36745 | I84: 3526040708000006
B85: 84 | D85: Warno | E85: Suwarno
B86: 85 | D86: Syaifudin grs | E86: syaifudin gr | F86: PACKING | H86: 37441 | I86: 3573010407020002
B87: 86 | D87: SYAM GRS | E87: Syamsudin | F87: PACKING
B88: 87 | D88: Theo | E88: Tehaeo martin wahyu putra | F88: PACKING | H88: 36338 | I88: 3573042706990000
B89: 88 | D89: UDI GRS | E89: Udi Nurwanto | F89: PACKING
B90: 89 | D90: Vandi | E90: Vandi eka prayuga | F90: PACKING | H90: 35584 | I90: 3507250306970003
B91: 90 | D91: Veni | E91: Veny widyaningsih | F91: PACKING | H91: 36342 | I91: 3507224107990004
B92: 91 | D92: vicky | E92: Moch vicky Affandi | F92: PACKING | H92: 35625 | I92: 3507141407970001
B93: 92 | D93: Widianto.phl | E93: Widianto | F93: PACKING | H93: 34253 | I93: 3573051110930000
B94: 93 | D94: Yoga Adi prasetyo | E94: Yoga Adi prasetyo | F94: PACKING | H94: 36697 | I94: 3573012006000001
B95: 94 | D95: Yolania | E95: Yolania Putri meilia | F95: PACKING
B96: 95 | D96: Zilfi | E96: Zilfi Rusydiyana
B97: 96 | D97: Jumrotul | E97: Jumrotul Nuriati | F97: PACKING | H97: 34089 | I97: 3507247004930003
B98: 97 | D98: erwin | E98: Erwin siswanto | F98: PACKING
B99: 98 | D99: Bagas Setya | E99: Bagas Setyawan | F99: PACKING | H99: 37199 | I99: 3573040411010006
B100: 99 | D100: Teguh GBL | E100: Teguh | F100: PACKING
...

Sheet Sheet2
A1: DATA KARYAWAN PRODUCT OFFICE DAN ARAYA
A2: PER 2020
A3: NO | B3: NAMA | C3: POSISI | D3: STATUS | E3: TGL MASUK | G3: NO | H3: KONTRAK | I3: NO | J3: PHL
A4: 1 | B4: CITRA DWI MURDIYANTI | C4: KORLAP | D4: KONTRAK | E4: 43202 | G4: 1 | H4: CITRA DWI MURDIYANTI | I4: 53 | J4: kirun
A5: 2 | B5: RIZHALDI ADHITYA | C5: SPV KEMASAN | D5: KONTRAK | E5: 43635 | G5: 2 | H5: OKY ARI AFANDI | I5: 54 | J5: mayson
A6: 3 | B6: TRESIA WIJAYA | C6: SPV BARANG JADI | D6: KONTRAK | E6: 43643 | G6: 3 | H6: MAULIANA | I6: 55 | J6: eni
A7: 4 | B7: OKY ARI AFANDI | C7: ADMIN OFFICE | D7: KONTRAK | E7: 43202 | G7: 4 | H7: AHMAD MIFTACHUL ULUM | I7: 56 | J7: iska
A8: 5 | B8: MAULIANA | C8: PIC QC | D8: KONTRAK | E8: 43202 | G8: 5 | H8: RIZKY NURCAHYO | I8: 57 | J8: miranda
A9: 6 | B9: AHMAD MIFTACHUL ULUM | C9: PIC KEMASAN KELUAR | D9: KONTRAK | E9: 43202 | G9: 6 | H9: EKA MEINAL FITRI | I9: 58 | J9: risa w
A10: 7 | B10: RIZKY NURCAHYO | C10: PIC KEMASAN MASUK | D10: KONTRAK | E10: 43643 | G10: 7 | H10: NUR HALIMAH | I10: 59 | J10: erwin
A11: 8 | B11: EKA MEINAL FITRI | C11: PIC STOCK / HEAD PACKING | D11: KONTRAK | E11: 43715 | G11: 8 | H11: RISA WULANDARI | I11: 60 | J11: dhoni
A12: 9 | B12: NUR HALIMAH | C12: STAFF PACKING | D12: KONTRAK | E12: 43202 | G12: 9 | H12: IRANING RAHAYU | I12: 61 | J12: dafa
A13: 10 | B13: RISA WULANDARI | C13: STAFF PACKING | D13: KONTRAK | E13: 43202 | G13: 10 | H13: ELOK SETIA WIKANTI | I13: 62 | J13: dio
A14: 11 | B14: IRANING RAHAYU | C14: STAFF PACKING | D14: KONTRAK | E14: 43202 | G14: 11 | H14: RIASULIS TIANING | I14: 63 | J14: dimas
A15: 12 | B15: ELOK SETIA WIKANTI | C15: KOORDINATOR PACKING | D15: KONTRAK | E15: 43637 | G15: 12 | H15: IMELDA SUNETH | I15: 64 | J15: tri m
... A55: 52 | B55: WAHYU ZAINUL MUSTOFA | C55: STAFF PACKING | D55: KONTRAK | E55: 43819 | G55: 52 | H55: HAFIDZ WILDA PRASETYA | I55: 104 | J55: setyawan
A56: 53 | B56: AHMAD FAUZI | C56: STAFF PACKING | D56: KONTRAK | E56: 43822 | I56: 105 | J56: lukman
A57: 54 | B57: ANDRE NUR AFANDI | C57: STAFF PACKING | D57: KONTRAK | E57: 43823 | I57: 106 | J57: aris budi
A58: 55 | B58: HARIS ARYA SAPUTRA | C58: STAFF PACKING | D58: KONTRAK | E58: 43823
A59: 56 | B59: WAHYU SAIFUL ANWAR | C59: STAFF PACKING | D59: KONTRAK | E59: 43823
A60: 57 | B60: MUHAMMAD ROZIQIN | C60: STAFF PACKING | D60: KONTRAK | E60: 43836
A61: 58 | B61: HUDA IRWANTO | C61: STAFF PACKING | D61: KONTRAK | E61: 43836
A62: 59 | B62: WELLY OKTORA | C62: STAFF PACKING | D62: KONTRAK | E62: 43837
A63: 60 | B63: ANDIKA FEBRI SUSIYANTO | C63: STAFF PACKING | D63: KONTRAK | E63: 43838
A64: 61 | B64: M. RIFKI HADIYAN KHARON | C64: STAFF PACKING | D64: KONTRAK | E64: 43838
A65: 62 | B65: ALFAN CANDRA ANDRIYANTO | C65: STAFF PACKING | D65: KONTRAK | E65: 43838
A66: 63 | B66: HENDRA BUDI SETYAWAN | C66: STAFF PACKING | D66: KONTRAK | E66: 43846
A67: 64 | B67: FAISOL ABRORI | C67: STAFF PACKING | D67: KONTRAK | E67: 43846
A68: 65 | B68: M. IRWAN EKO S | C68: STAFF PACKING | D68: KONTRAK | E68: 43836
A69: 66 | B69: MOCH RISKI AFANDI | C69: STAFF PACKING | D69: KONTRAK | E69: 44000
... A78: 75 | B78: ROBI PURWANTO | C78: STAFF PACKING | D78: KONTRAK | E78: 44034

Sheet sharing
C5: RAMADHANI ANANDA PUTRI AMBARANI | D5: 44013
C6: BAYU FIRMAN YULIANSYAH | D6: 44025
C7: SHARON ROIS SYAHRANI | D7: 44027
C8: BIMA PUTRA MAHARDIKA | D8: 44027
C9: AHMAD FAUZI | D9: 44028
C10: ACHMAD NUR HASYIM | D10: 44028
C11: BAMBANG SULISTIAWAN | D11: 44034
C12: MUHAMMAD USMAN | D12: 44034
C13: ROBI PURWANTO | D13: 44034
C14: ACHMAD ROSYID FIRMANSYAH | D14: 44038

Sheet Sheet1
A2: KAOS RAFTING MS GLOW OFFICE
A4: No | B4: Nama | C4: Size | D4: LENGAN PANJANG | E4: BIAYA
A5: 1 | B5: SHANDY PURNAMASARI | C5: S | E5: 75000
A6: 2 | B6: GILANG WIDYA PRAMANA | C6: L | E6: 75000
A7: 3 | B7: CITRA DWI MURDIYANTI | C7: S | E7: 75000
A8: 4 | B8: CHANDRA MAHARDHIKA | C8: M | E8: 75000
A9: 5 | B9: FENDY ISMAIL | C9: L | E9: 75000
A10: 6 | B10: AISAH RACHMAWATI | C10: M | D10: LENGAN PANJANG | E10: 80000
A11: 7 | B11: VENNA ROSIA MARHETA | C11: M | D11: LENGAN PANJANG | E11: 80000
A12: 8 | B12: DENI LUQMANA | C12: XL | E12: 75000
A13: 9 | B13: KUMARA FOREST HIMAWAN | C13: XXL | E13: 75000
A14: 10 | B14: RIDA' MILLATI | C14: S | D14: LENGAN PANJANG | E14: 80000
A15: 11 | B15: ANNISYA FERONICA | C15: L | D15: LENGAN PANJANG | E15: 80000
A16: 12 | B16: ROY | C16: M | E16: 75000
A17: 13 | B17: USHA FATNIA AUDRINISA | C17: M | E17: 75000
A18: 14 | B18: ALONG ALFIAH | C18: S | E18: 75000
A19: 15 | B19: OKY ARI AFANDI | C19: M | E19: 75000
A20: 16 | B20: VIOLA DWI PERMATASARI | C20: L | E20: 75000
A21: 17 | B21: SARIFA AINI | C21: L | D21: LENGAN PANJANG | E21: 80000
A22: 18 | B22: ANIKE WULANDARI | C22: M | D22: LENGAN PANJANG | E22: 80000
A23: 19 | B23: SHEILA OLGATA WIDYASARI | C23: L | D23: LENGAN PANJANG | E23: 80000
A24: 20 | B24: SINTA ELMI RAHMAWATI | C24: M | E24: 75000
A25: 21 | B25: KUSNUL YULIARIANTO | C25: XXXL | E25: 75000
A26: 22 | B26: YULAIKA | C26: L | D26: LENGAN PANJANG | E26: 80000
A27: 23 | B27: DWI RAHMA TIWI | C27: S | E27: 75000
A28: 24 | B28: NUR KHOLIFAH | C28: L | D28: LENGAN PANJANG | E28: 80000
A29: 25 | B29: INDRI WULANDARI | C29: L | E29: 75000
A30: 26 | B30: RIMA RAHMAWATI | C30: L | D30: LENGAN PANJANG | E30: 80000
A31: 27 | B31: AULIA PRATAMA | C31: L | E31: 75000
A32: 28 | B32: AQSHA ADITYA RAKA | C32: M | E32: 75000
A33: 29 | B33: IMELDA SUNETH | C33: S | D33: LENGAN PANJANG | E33: 80000
A34: 30 | B34: IRANING RAHAYU | C34: S | E34: 75000
A35: 31 | B35: KHOLID MASRUROH | C35: M | E35: 75000
A36: 32 | B36: KIKI ANIKA PUTRI | C36: S | E36: 75000
A37: 33 | B37: NUR HALIMAH | C37: M | E37: 75000
A38: 34 | B38: RISA WULANDARI | C38: M | E38: 75000
A39: 35 | B39: MAULIANA | C39: M | E39: 75000
A40: 36 | B40: AHMAD MIFTACHUL ULUM | C40: XL | E40: 75000
A41: 37 | B41: NOFITASARI | C41: M | E41: 75000
A42: 38 | B42: RIASULIS TIANING | C42: M | E42: 75000
A43: 39 | B43: USMAN AINUR RIZKY | C43: M | E43: 75000
A44: 40 | B44: SLAMET ARISUSANTO | C44: L | E44: 75000
A45: 41 | B45: MUHAMMAD NUR SHODIQ | C45: L | E45: 75000
... A53: 49 | B53: MOCHAMAD FAUZI | C53: XL | E53: 75000
A54: TOTAL | E54: =SUM(E5:E53) -> 3730000

Sheet Sheet4
A3: MANAGER | C3: NOMINAL | F3: TOTAL
C4: 5000 | D4: 10000 | E4: 20000
A5: 1 | B5: RIDA' MILLATI | C5: 600000 | D5: 200000 | E5: 200000 | F5: =SUM(C5:E5) -> 1000000
A6: 2 | B6: VENNA ROSIA MARHETA | C6: 500000 | D6: 1000000 | F6: 1500000
A7: 3 | B7: NOR AISYAH ZAKIAH | C7: 500000 | D7: 1000000 | E7: 2000000
A8: 4 | B8: ANDYKA SYAHPUTRA | C8: 500000 | D8: 1000000
A9: 5 | B9: SARIFA AINI | C9: 500000 | D9: 500000
A10: 6 | B10: VIOLA DWI P | D10: 100000
A11: 7 | B11: ANIKE WULANDARI | C11: 800000 | D11: 2000000 | E11: 200000
A12: 8 | B12: RENDY ARDIAN PRATAMA | C12: 100000 | D12: 200000
A13: 9 | B13: SAIFUR ROUUF | C13: 500000 | D13: 500000
A14: 10 | B14: RATNA KURNIAWATI | C14: 500000 | D14: 500000 | E14: 200000
A15: 11 | B15: ALONG ALFIAH | C15: 300000
A16: 12 | B16: ONIS NABILLA NIRMALA SARI | C16: 1000000 | D16: 1000000
A17: 13 | B17: CITRA DWI MURDIYANTI | C17: 500000 | D17: 300000 | E17: 200000
A18: 14 | B18: RIZHALDI ADHITYA | D18: 500000
A19: 15 | B19: AHMAD MIFTACHUL ULUM | D19: 200000 | E19: 300000
A20: 16 | B20: RIZKY NURCAHYO | C20: 1000000
A21: 17 | B21: EKA MEINAL FITRI | C21: 900000 | D21: 200000 | E21: 200000
A22: 18 | B22: NUR HALIMAH | C22: 300000 | D22: 200000
A23: 19 | B23: RISA WULANDARI | C23: 300000 | E23: 200000
A24: 20 | B24: IRANING RAHAYU | C24: 200000 | D24: 200000 | E24: 100000
A25: 21 | B25: ELOK SETIA WIKANTI | C25: 600000 | D25: 400000 | E25: 300000
A26: 22 | B26: RIASULIS TIANING | C26: 300000 | D26: 200000
A27: 23 | B27: IMELDA SUNETH | D27: 500000
A28: 24 | B28: NOFITASARI | C28: 500000 | D28: 500000
A29: 25 | B29: MOCHAMMAD BAGUS FEBRIYANTO | D29: 200000 | E29: 200000
A30: 26 | B30: PUTRI SILVIA ERVANI | C30: 150000 | D30: 150000
A31: 27 | B31: RIMA RAHMAWATI | C31: 200000
A32: 28 | B32: MUHAMMAD NUR SHODIQ | C32: 100000 | D32: 100000 | E32: 200000
A33: 29 | B33: SLAMET ARISUSANTO | D33: 300000
A34: 30 | B34: NURUL KOMARIYAH | C34: 500000 | D34: 300000
A35: 31 | B35: QUROTUL FITRIAH | C35: 1000000
A36: 32 | B36: NASIRUDDIN | C36: 200000 | D36: 200000 | E36: 100000
A37: 33 | B37: MAS'UD DIANTONI R | C37: 300000
A38: 34 | B38: SITI KHOIROTUL M | C38: 200000 | D38: 200000 | E38: 100000
A39: 35 | B39: AYU GUSTIKA | D39: 300000 | E39: 100000
A40: 36 | B40: JEJEN SOPIANDI | C40: 500000 | D40: 500000 | E40: 500000
A41: 37 | B41: SUWANDI | C41: 100000 | D41: 200000 | E41: 200000
A42: 38 | B42: MOH. ANDIKA RAISMA | C42: 500000 | D42: 500000
A43: 39 | B43: YULAIKA | C43: 1500000 | D43: 1000000 | E43: 500000
A44: 40 | B44: AISAH RACHMAWATI | C44: 700000 | D44: 1000000 | E44: 2000000
A45: 41 | B45: MUCH BAYU SETIYABUDI | C45: 500000 | D45: 1000000 | E45: 2000000
A46: 42 | B46: DITA LESTARI | D46: 300000
A47: 43 | B47: SAMANTHA IGA PERMATASARI | C47: 500000
